{"type":"FeatureCollection","name":"ne_110m_admin_0_countries","crs":{"type":"name","properties":{"name":"urn:ogc:def:crs:OGC:1.3:CRS84"}},"features":[{"type":"Feature","properties":{"ADM0_A3":"FJI","MAPCOLOR7":5},"bbox":[-180,-18.28799,180,-16.020882],"geometry":{"type":"MultiPolygon","coordinates":[[[[180,-16.0671],[180,-16.5552],[179.3641,-16.8014],[178.7251,-17.012],[178.5968,-16.6392],[179.0966,-16.434],[179.4135,-16.3791],[180,-16.0671]]],[[[178.1256,-17.5048],[178.3736,-17.3399],[178.7181,-17.6285],[178.5527,-18.1506],[177.9327,-18.288],[177.3815,-18.1643],[177.285,-17.7247],[177.6709,-17.3811],[178.1256,-17.5048]]],[[[-179.7933,-16.0209],[-179.9174,-16.5018],[-180,-16.5552],[-180,-16.0671],[-179.7933,-16.0209]]]]}},{"type":"Feature","properties":{"ADM0_A3":"TZA","MAPCOLOR7":3},"bbox":[29.339998,-11.720938,40.31659,-0.95],"geometry":{"type":"Polygon","coordinates":[[[33.9037,-0.95],[37.6987,-3.097],[37.7669,-3.6771],[39.2022,-4.6768],[38.7405,-5.9089],[38.7998,-6.4757],[39.44,-6.84],[39.47,-7.1],[39.1947,-7.7039],[39.1865,-8.4855],[39.9496,-10.0984],[40.3166,-10.3171],[39.521,-10.8969],[38.4276,-11.2852],[37.8276,-11.2688],[37.4713,-11.5688],[36.7752,-11.5945],[36.5141,-11.7209],[35.3124,-11.4391],[34.56,-11.52],[34.28,-10.16],[33.7397,-9.4171],[32.7594,-9.2306],[30.74,-8.34],[30.2,-7.08],[29.62,-6.52],[29.42,-5.94],[29.52,-5.42],[29.34,-4.5],[29.7535,-4.4524],[30.7522,-3.3593],[30.743,-3.0343],[30.5277,-2.8076],[30.4697,-2.4138],[30.7583,-2.2872],[30.8161,-1.6989],[30.4191,-1.1347],[30.7699,-1.0146],[33.9037,-0.95]]]}},{"type":"Feature","properties":{"ADM0_A3":"SAH","MAPCOLOR7":4},"bbox":[-17.063423,20.999752,-8.665124,27.656426],"geometry":{"type":"Polygon","coordinates":[[[-8.6656,27.6564],[-8.6873,25.8811],[-11.9694,25.9334],[-11.9372,23.3746],[-12.8742,23.2848],[-13.1188,22.7712],[-12.9291,21.3271],[-16.8452,21.3333],[-17.0634,20.9998],[-17.0204,21.4223],[-14.751,21.5006],[-14.6308,21.8609],[-14.2212,22.3102],[-13.8911,23.691],[-12.501,24.7701],[-12.0308,26.0309],[-11.7182,26.1041],[-11.3926,26.8834],[-10.5513,26.9908],[-9.7353,26.8609],[-9.413,27.0885],[-8.7949,27.1207],[-8.8178,27.6564],[-8.6656,27.6564]]]}},{"type":"Feature","properties":{"ADM0_A3":"CAN","MAPCOLOR7":6},"bbox":[-140.99778,41.675105,-52.648099,83.23324],"geometry":{"type":"MultiPolygon","coordinates":[[[[-122.84,49],[-125.6246,50.4166],[-127.4356,50.8306],[-127.9928,51.7158],[-127.8503,52.3296],[-129.1298,52.7554],[-129.3052,53.5616],[-130.515,54.2876],[-130.5361,54.8028],[-129.98,55.285],[-130.0078,55.9158],[-131.7078,56.5521],[-133.3556,58.4103],[-134.945,59.2706],[-135.4758,59.7878],[-136.4797,59.4639],[-137.4525,58.905],[-139.039,60],[-140.013,60.2768],[-140.9978,60.3064],[-140.986,69.712],[-139.1205,69.471],[-137.5464,68.99],[-136.5036,68.898],[-135.6258,69.3151],[-134.4146,69.6274],[-132.9292,69.5053],[-131.4314,69.9445],[-129.7947,70.1937],[-129.1077,69.7793],[-128.3616,70.0129],[-128.1382,70.4838],[-127.4471,70.3772],[-125.7563,69.4806],[-124.4248,70.1584],[-124.2897,69.3997],[-123.0611,69.5637],[-122.6835,69.8555],[-121.4723,69.7978],[-119.9429,69.3779],[-117.6027,69.0113],[-116.2264,68.8415],[-115.2469,68.9059],[-113.8979,68.3989],[-115.3049,67.9026],[-113.4973,67.6881],[-110.798,67.8061],[-109.9462,67.981],[-108.8802,67.3814],[-107.7924,67.8874],[-108.813,68.3116],[-108.1672,68.6539],[-106.15,68.8],[-105.3428,68.5612],[-104.3379,68.018],[-103.2211,68.0978],[-101.4543,67.6469],[-99.9019,67.8057],[-98.4432,67.7816],[-98.5586,68.4039],[-97.6695,68.5786],[-96.1199,68.2394],[-96.1259,67.2934],[-95.4894,68.0907],[-94.685,68.0638],[-94.2328,69.069],[-95.3041,69.6857],[-96.4713,70.0898],[-96.3911,71.1948],[-95.2088,71.9205],[-93.89,71.7601],[-92.8782,71.3187],[-91.5196,70.1913],[-92.4069,69.7],[-90.5471,69.4977],[-90.5515,68.475],[-89.2151,69.2587],[-88.0197,68.6151],[-88.3175,67.8734],[-87.3502,67.1987],[-86.3061,67.9215],[-85.5766,68.7846],[-85.522,69.8821],[-82.6226,69.6583],[-81.2804,69.162],[-81.2202,68.6657],[-81.9644,68.1325],[-81.2593,67.5972],[-81.3865,67.1108],[-83.3446,66.4115],[-84.7354,66.2573],[-85.7694,66.5583],[-86.0676,66.0563],[-87.0314,65.213],[-87.3232,64.7756],[-88.483,64.099],[-89.9144,64.0327],[-90.704,63.6102],[-90.77,62.9602],[-91.9334,62.8351],[-93.157,62.0247],[-94.2415,60.8987],[-94.6293,60.1102],[-94.6846,58.9488],[-93.215,58.7821],[-92.297,57.0871],[-90.8977,57.2847],[-89.0395,56.8517],[-88.0398,56.4716],[-87.3242,55.9991],[-86.0712,55.7238],[-85.0118,55.3026],[-82.2729,55.1483],[-82.4362,54.2823],[-82.125,53.277],[-81.4008,52.1579],[-79.9129,51.2084],[-79.143,51.5339],[-78.6019,52.5621],[-79.1242,54.1414],[-79.8296,54.6677],[-78.2287,55.1365],[-77.0956,55.8374],[-76.5414,56.5342],[-76.6232,57.2026],[-77.3023,58.0521],[-78.5169,58.8046],[-77.3368,59.8526],[-77.7727,60.7579],[-78.1069,62.3196],[-77.4107,62.5505],[-74.6682,62.1811],[-73.8399,62.4438],[-71.6771,61.5254],[-71.3737,61.1372],[-69.5904,61.0614],[-69.6203,60.2212],[-69.2879,58.9574],[-68.3745,58.8011],[-67.6498,58.2121],[-66.2018,58.7673],[-65.2452,59.8707],[-64.5835,60.3356],[-61.3965,56.9674],[-61.7987,56.3394],[-60.4685,55.7755],[-59.5696,55.2041],[-57.9751,54.9455],[-57.3332,54.6265],[-56.9369,53.7803],[-56.1581,53.6475],[-55.7563,53.2704],[-55.6834,52.1466],[-57.1269,51.4197],[-58.7748,51.0643],[-60.0331,50.2428],[-61.7237,50.0805],[-63.8625,50.291],[-66.3991,50.229],[-67.2363,49.5116],[-68.5111,49.0684],[-71.1046,46.8217],[-70.2552,46.9861],[-68.65,48.3],[-66.5524,49.1331],[-65.0563,49.2328],[-64.171,48.7425],[-65.1154,48.0709],[-64.4722,46.2385],[-63.1733,45.739],[-61.5207,45.8838],[-60.5181,47.0079],[-60.4486,46.2826],[-59.8029,45.9204],[-61.0399,45.2653],[-63.2547,44.6701],[-64.2466,44.2655],[-65.3641,43.5452],[-66.1234,43.6187],[-66.1617,44.4651],[-64.4255,45.292],[-67.1374,45.1375],[-67.7913,45.7028],[-67.7905,47.0664],[-68.2344,47.3549],[-68.905,47.185],[-69.2372,47.4478],[-70.0,46.6931],[-70.305,45.915],[-70.66,45.46],[-71.405,45.255],[-71.5051,45.0082],[-74.867,45.0005],[-76.5,44.0185],[-76.82,43.6288],[-78.7203,43.6251],[-79.1717,43.4663],[-79.01,43.27],[-78.9394,42.8636],[-80.2474,42.3662],[-81.2777,42.209],[-82.4393,41.6751],[-82.6901,41.6751],[-83.142,41.9757],[-82.1376,43.5711],[-82.5509,45.3475],[-83.5929,45.8169],[-83.4696,45.9947],[-83.6161,46.1169],[-83.8908,46.1169],[-84.0919,46.2754],[-84.1421,46.5122],[-84.6049,46.4396],[-84.5437,46.5387],[-84.7792,46.6371],[-84.8761,46.9001],[-88.3781,48.3029],[-89.2729,48.0198],[-90.83,48.27],[-91.64,48.14],[-92.61,48.45],[-94.3291,48.6707],[-94.64,48.84],[-94.8176,49.389],[-95.1561,49.3843],[-95.1591,49],[-122.84,49]]],[[[-83.9937,62.4528],[-83.2505,62.9141],[-81.877,62.9046],[-81.8983,62.7108],[-83.0686,62.1592],[-83.7746,62.1823],[-83.9937,62.4528]]],[[[-79.7758,72.8029],[-80.8761,73.3332],[-80.8339,73.6932],[-78.0644,73.6519],[-76.34,73.1027],[-76.2514,72.8264],[-79.7758,72.8029]]],[[[-80.3154,62.0856],[-79.9294,62.3856],[-79.52,62.3637],[-79.2658,62.1587],[-79.6575,61.6331],[-80.0996,61.7181],[-80.3621,62.0165],[-80.3154,62.0856]]],[[[-93.6128,74.98],[-94.1569,74.5923],[-95.6087,74.6669],[-96.8209,74.9276],[-96.2886,75.3778],[-94.8508,75.6472],[-93.9777,75.2965],[-93.6128,74.98]]],[[[-93.84,77.52],[-94.2956,77.4913],[-96.1697,77.5551],[-96.4363,77.8346],[-94.4226,77.82],[-93.7207,77.6343],[-93.84,77.52]]],[[[-96.7544,78.7658],[-95.5593,78.4183],[-95.8303,78.0569],[-97.3098,77.8506],[-98.1243,78.0829],[-98.5529,78.4581],[-98.632,78.8719],[-97.3372,78.832],[-96.7544,78.7658]]],[[[-88.1504,74.3923],[-92.4224,74.8378],[-92.7683,75.3868],[-92.8899,75.8827],[-93.8938,76.3192],[-95.9625,76.4414],[-97.1214,76.7511],[-96.7451,77.1614],[-94.6841,77.0979],[-93.5739,76.7763],[-91.605,76.7785],[-90.7418,76.4496],[-90.9697,76.074],[-89.1871,75.6102],[-86.3792,75.4824],[-84.7896,75.6992],[-82.7534,75.7843],[-81.1285,75.714],[-80.0575,75.3368],[-79.8339,74.9231],[-80.4578,74.6573],[-81.9488,74.4425],[-83.2289,74.564],[-88.1504,74.3923]]],[[[-111.2644,78.153],[-109.8545,77.9963],[-110.1869,77.697],[-112.0512,77.4092],[-113.5343,77.7322],[-112.7246,78.0511],[-111.2644,78.153]]],[[[-110.9637,78.8044],[-109.6631,78.602],[-110.8813,78.4069],[-112.5421,78.4079],[-112.5259,78.5506],[-111.5,78.85],[-110.9637,78.8044]]],[[[-55.6002,51.3171],[-56.7959,49.8123],[-56.1431,50.1501],[-55.4715,49.9358],[-55.8224,49.5871],[-54.9351,49.313],[-54.4738,49.5567],[-53.4765,49.2491],[-53.786,48.5168],[-53.0861,48.6878],[-52.6481,47.5355],[-53.0692,46.6555],[-53.5215,46.6183],[-54.1789,46.8071],[-53.9619,47.6252],[-54.2405,47.7523],[-55.4008,46.885],[-55.9975,46.9197],[-55.2912,47.3896],[-56.2508,47.6325],[-59.266,47.6033],[-59.4195,47.8995],[-58.7966,48.2515],[-59.2316,48.5232],[-58.3918,49.1256],[-57.3587,50.7183],[-56.7386,51.2874],[-55.871,51.6321],[-55.407,51.5883],[-55.6002,51.3171]]],[[[-83.8826,65.1096],[-81.642,64.4551],[-81.5534,63.9796],[-80.8174,64.0575],[-80.1035,63.726],[-80.991,63.4112],[-82.5472,63.6517],[-83.1088,64.1019],[-84.1004,63.5697],[-85.5234,63.0524],[-85.8668,63.6373],[-87.222,63.5412],[-86.3528,64.0358],[-86.2249,64.8229],[-85.8838,65.7388],[-85.1613,65.6573],[-84.9758,65.2175],[-84.464,65.3718],[-83.8826,65.1096]]],[[[-78.7706,72.3522],[-77.8246,72.7496],[-75.6058,72.2437],[-74.2286,71.7671],[-74.0991,71.3308],[-72.2422,71.5569],[-71.2,70.92],[-68.7861,70.525],[-67.915,70.1219],[-66.969,69.1861],[-68.8051,68.7202],[-66.4499,68.0672],[-64.8623,67.8475],[-63.4249,66.9285],[-61.852,66.8621],[-62.1632,66.1603],[-63.9184,64.9987],[-65.1489,65.426],[-66.7212,66.388],[-68.015,66.2627],[-68.1413,65.6898],[-67.0896,65.1085],[-65.7321,64.6484],[-65.3202,64.3827],[-64.6694,63.3929],[-65.0138,62.6742],[-66.275,62.9451],[-68.7832,63.7457],[-66.3283,62.2801],[-66.1656,61.9309],[-68.8774,62.3301],[-71.0234,62.9107],[-72.2354,63.3978],[-71.8863,63.68],[-74.8344,64.6791],[-74.8185,64.3891],[-77.71,64.2295],[-78.5559,64.5729],[-77.8973,65.3092],[-73.9598,65.4548],[-74.2939,65.8118],[-73.9449,66.3106],[-72.6512,67.2846],[-73.3116,68.0694],[-74.8433,68.5546],[-76.8691,68.8947],[-76.2286,69.1478],[-77.2874,69.7695],[-78.1686,69.8265],[-78.9572,70.1669],[-79.4925,69.8718],[-81.3055,69.7432],[-84.9447,69.9666],[-88.6817,70.4107],[-89.5134,70.762],[-88.4677,71.2182],[-89.8882,71.2226],[-90.2052,72.2351],[-89.4366,73.1295],[-88.4082,73.5379],[-85.8262,73.8038],[-86.5622,73.1574],[-85.7744,72.5341],[-84.8501,73.3403],[-82.3156,73.751],[-80.6001,72.7165],[-80.7489,72.0619],[-78.7706,72.3522]]],[[[-94.5037,74.1349],[-92.42,74.1],[-90.5098,73.8567],[-92.004,72.9662],[-93.1963,72.772],[-94.269,72.0246],[-95.4099,72.0619],[-96.0337,72.9403],[-96.0183,73.4374],[-95.4958,73.8624],[-94.5037,74.1349]]],[[[-122.8549,76.1165],[-121.1575,76.8645],[-119.1039,77.5122],[-117.5701,77.4983],[-116.1986,77.6453],[-116.3358,76.877],[-117.1061,76.53],[-118.0404,76.4812],[-119.8993,76.0532],[-121.5,75.9],[-122.8549,76.1165]]],[[[-132.71,54.04],[-131.75,54.12],[-132.0495,52.9846],[-131.179,52.1804],[-131.5778,52.1824],[-132.1804,52.6397],[-132.55,53.1],[-133.0546,53.4115],[-133.2397,53.8511],[-133.18,54.17],[-132.71,54.04]]],[[[-105.4923,79.3016],[-100.8252,78.8005],[-100.0602,78.3248],[-99.6709,77.9075],[-101.3039,78.019],[-102.9498,78.3432],[-105.1761,78.3803],[-104.2104,78.6774],[-105.4196,78.9183],[-105.4923,79.3016]]],[[[-123.51,48.51],[-124.0129,48.3708],[-125.655,48.825],[-125.955,49.18],[-126.85,49.53],[-127.03,49.815],[-128.0593,49.995],[-128.4446,50.5391],[-128.3584,50.7706],[-125.755,50.295],[-124.9208,49.4753],[-123.9225,49.0625],[-123.51,48.51]]],[[[-121.5379,74.4489],[-120.1098,74.2413],[-117.5556,74.1858],[-115.5108,73.4752],[-119.22,72.52],[-120.46,71.82],[-120.46,71.3836],[-123.0922,70.9016],[-123.62,71.34],[-125.9289,71.8687],[-124.8073,73.0226],[-123.94,73.68],[-124.9177,74.2927],[-121.5379,74.4489]]],[[[-107.8194,75.8455],[-106.9289,76.0128],[-105.881,75.9694],[-105.705,75.4795],[-106.3135,75.0053],[-109.7,74.85],[-112.2231,74.417],[-113.7438,74.3943],[-113.8714,74.7203],[-111.7942,75.1625],[-116.3122,75.0434],[-117.7104,75.2222],[-116.346,76.199],[-115.4049,76.4789],[-112.5906,76.1413],[-110.8142,75.5492],[-109.0671,75.4732],[-110.4973,76.4298],[-109.5811,76.7942],[-108.5486,76.6783],[-107.8194,75.8455]]],[[[-106.5226,73.076],[-105.4025,72.6726],[-104.4648,70.993],[-100.9808,70.0243],[-101.0893,69.5845],[-102.7312,69.504],[-102.0933,69.1196],[-102.4302,68.7528],[-105.96,69.18],[-107.1225,69.1192],[-109,68.78],[-113.3132,68.5355],[-113.855,69.0074],[-115.22,69.28],[-116.1079,69.1682],[-117.34,69.96],[-115.1311,70.2373],[-113.7214,70.1924],[-112.4161,70.3664],[-114.35,70.6],[-117.9048,70.5406],[-118.4324,70.9092],[-116.1131,71.3092],[-117.6557,71.2952],[-119.402,71.5586],[-118.5627,72.3079],[-117.8664,72.7059],[-115.1891,73.3146],[-114.1672,73.1214],[-114.6663,72.6528],[-112.441,72.9554],[-111.0504,72.4504],[-109.9203,72.9611],[-109.0065,72.6333],[-108.1883,71.6509],[-107.686,72.0655],[-108.3964,73.0895],[-107.5165,73.236],[-106.5226,73.076]]],[[[-100.4384,72.7059],[-101.54,73.36],[-100.3564,73.8439],[-99.1639,73.6334],[-97.38,73.76],[-97.12,73.47],[-98.0536,72.9905],[-96.54,72.56],[-96.72,71.66],[-98.3597,71.2729],[-99.3229,71.3564],[-100.0148,71.7383],[-102.5,72.51],[-102.48,72.83],[-100.4384,72.7059]]],[[[-106.6,73.6],[-105.26,73.64],[-104.5,73.42],[-105.38,72.76],[-106.94,73.46],[-106.6,73.6]]],[[[-98.5,76.72],[-97.7356,76.2566],[-97.7044,75.7434],[-98.16,75],[-99.8087,74.8974],[-100.8837,75.0574],[-100.8629,75.6407],[-102.5021,75.5638],[-102.5655,76.3366],[-101.4897,76.3054],[-99.9835,76.6463],[-98.577,76.5886],[-98.5,76.72]]],[[[-96.0164,80.6023],[-95.3234,80.9073],[-94.2984,80.9773],[-94.7354,81.2065],[-92.4098,81.2574],[-91.1329,80.7234],[-87.81,80.32],[-87.02,79.66],[-85.8144,79.3369],[-87.1876,79.0393],[-89.0353,78.2872],[-90.8044,78.2153],[-92.8767,78.3433],[-93.9512,78.751],[-93.9357,79.1137],[-93.1452,79.3801],[-94.974,79.3725],[-96.0761,79.705],[-96.7097,80.1578],[-96.0164,80.6023]]],[[[-91.587,81.8943],[-86.9702,82.2796],[-85.5,82.6523],[-84.26,82.6],[-83.18,82.32],[-82.42,82.86],[-79.3066,83.1306],[-76.25,83.1721],[-75.7188,83.064],[-72.8315,83.2332],[-65.8273,83.028],[-63.68,82.9],[-61.85,82.6286],[-61.8939,82.3616],[-64.334,81.9278],[-66.7534,81.7253],[-67.6576,81.5014],[-65.4803,81.5066],[-67.84,80.9],[-69.4697,80.6168],[-71.18,79.8],[-73.2428,79.6342],[-73.88,79.4302],[-76.9077,79.3231],[-75.5292,79.1977],[-76.2205,79.0191],[-75.3935,78.5258],[-76.3435,78.183],[-77.8885,77.8999],[-78.3627,77.5086],[-79.7595,77.2097],[-79.6196,76.9834],[-77.9109,77.022],[-77.8891,76.778],[-80.5613,76.1781],[-83.1744,76.454],[-86.1118,76.299],[-89.4907,76.4724],[-89.6161,76.9521],[-87.7674,77.1783],[-88.26,77.9],[-87.65,77.9702],[-84.9763,77.5387],[-86.34,78.18],[-87.9619,78.3718],[-87.152,78.7587],[-85.3787,78.9969],[-85.0949,79.3454],[-86.5073,79.7362],[-86.9318,80.2515],[-83.4087,80.1],[-81.8482,80.4644],[-84.1,80.58],[-87.599,80.5163],[-89.3666,80.8557],[-90.2,81.26],[-91.3679,81.5531],[-91.587,81.8943]]],[[[-75.216,67.4442],[-75.8659,67.1489],[-76.9869,67.0987],[-77.2364,67.5881],[-76.8117,68.1486],[-75.8952,68.2872],[-75.1145,68.0104],[-75.1033,67.582],[-75.216,67.4442]]],[[[-96.2574,69.49],[-95.6477,69.1077],[-96.2695,68.757],[-97.6174,69.06],[-98.4318,68.9507],[-99.7974,69.4],[-98.9174,69.71],[-98.2183,70.1435],[-96.5574,69.68],[-96.2574,69.49]]],[[[-64.5191,49.873],[-64.1732,49.9572],[-62.8583,49.7064],[-61.8356,49.2886],[-61.8063,49.1051],[-62.2932,49.0872],[-63.5893,49.4007],[-64.5191,49.873]]],[[[-64.0149,47.036],[-63.6645,46.55],[-62.9393,46.4159],[-62.0121,46.4431],[-62.5039,46.0334],[-62.8743,45.9682],[-64.1428,46.3927],[-64.3926,46.7275],[-64.0149,47.036]]]]}},{"type":"Feature","properties":{"ADM0_A3":"USA","MAPCOLOR7":4},"bbox":[-171.791111,18.91619,-66.96466,71.357764],"geometry":{"type":"MultiPolygon","coordinates":[[[[-122.84,49],[-95.1591,49],[-95.1561,49.3843],[-94.8176,49.389],[-94.64,48.84],[-94.3291,48.6707],[-92.61,48.45],[-91.64,48.14],[-90.83,48.27],[-89.2729,48.0198],[-88.3781,48.3029],[-84.8761,46.9001],[-84.7792,46.6371],[-84.5437,46.5387],[-84.6049,46.4396],[-84.1421,46.5122],[-84.0919,46.2754],[-83.8908,46.1169],[-83.6161,46.1169],[-83.4696,45.9947],[-83.5929,45.8169],[-82.5509,45.3475],[-82.1376,43.5711],[-82.43,42.98],[-83.12,42.08],[-83.0298,41.8328],[-82.6901,41.6751],[-82.4393,41.6751],[-81.2777,42.209],[-80.2474,42.3662],[-78.9394,42.8636],[-79.01,43.27],[-79.1717,43.4663],[-78.7203,43.6251],[-76.82,43.6288],[-76.5,44.0185],[-74.867,45.0005],[-71.5051,45.0082],[-71.405,45.255],[-70.66,45.46],[-70.305,45.915],[-70.0,46.6931],[-69.2372,47.4478],[-68.905,47.185],[-68.2344,47.3549],[-67.7905,47.0664],[-67.7913,45.7028],[-67.1374,45.1375],[-66.9647,44.8097],[-68.0325,44.3252],[-70.1162,43.684],[-70.8149,42.8653],[-70.825,42.335],[-70.495,41.805],[-70.08,41.78],[-70.185,42.145],[-69.885,41.9228],[-69.965,41.6372],[-72.8764,41.2206],[-73.71,40.9311],[-72.2413,41.1195],[-71.945,40.93],[-73.345,40.63],[-73.982,40.628],[-73.9523,40.7507],[-74.2567,40.4735],[-73.9624,40.4276],[-74.1784,39.7093],[-74.906,38.9395],[-74.9804,39.1964],[-75.528,39.4985],[-75.32,38.96],[-75.0718,38.782],[-75.0567,38.4041],[-75.9402,37.2169],[-76.0313,37.2566],[-75.722,37.937],[-76.2329,38.3192],[-76.35,39.15],[-76.5427,38.7176],[-76.3293,38.0833],[-76.99,38.24],[-76.3016,37.9179],[-76.2587,36.9664],[-75.9718,36.8973],[-75.7275,35.5507],[-76.3632,34.8085],[-77.3976,34.512],[-78.055,33.9255],[-78.5543,33.8613],[-79.0607,33.4939],[-79.2036,33.1584],[-80.3013,32.5094],[-81.3363,31.4405],[-81.4904,30.73],[-81.3137,30.0355],[-80.98,29.18],[-80.5356,28.4721],[-80.53,28.04],[-80.0565,26.88],[-80.1316,25.8168],[-80.381,25.2062],[-80.68,25.08],[-81.1721,25.2013],[-81.33,25.64],[-81.71,25.87],[-82.8553,27.8862],[-82.65,28.55],[-82.93,29.1],[-83.7096,29.9366],[-84.1,30.09],[-85.1088,29.6362],[-85.7731,30.1526],[-86.4,30.4],[-87.5304,30.2743],[-88.4178,30.3849],[-89.1805,30.316],[-89.5938,30.16],[-89.4137,29.8942],[-89.43,29.4886],[-89.2177,29.2911],[-89.4082,29.1596],[-89.7793,29.3071],[-90.1546,29.1174],[-90.8802,29.1485],[-91.6268,29.677],[-92.4991,29.5523],[-93.2264,29.7838],[-94.69,29.48],[-95.6003,28.7386],[-96.594,28.3075],[-97.14,27.83],[-97.37,27.38],[-97.38,26.69],[-97.33,26.21],[-97.14,25.87],[-97.53,25.84],[-99.02,26.37],[-99.52,27.54],[-100.11,28.11],[-100.9576,29.3807],[-101.6624,29.7793],[-102.48,29.76],[-103.11,28.97],[-103.94,29.27],[-104.457,29.572],[-105.0374,30.644],[-106.5076,31.7545],[-108.24,31.7549],[-108.2419,31.3422],[-111.0236,31.3347],[-114.815,32.5253],[-114.7214,32.7208],[-117.1278,32.5353],[-117.2959,33.0462],[-117.944,33.6212],[-118.4106,33.7409],[-118.5199,34.0278],[-119.081,34.078],[-119.4388,34.3485],[-120.3678,34.4471],[-120.6229,34.6086],[-120.7443,35.1569],[-121.7146,36.1615],[-122.5475,37.5518],[-122.512,37.7834],[-123.7272,38.9517],[-123.8652,39.767],[-124.3981,40.3132],[-124.1789,41.142],[-124.2137,41.9996],[-124.5328,42.766],[-124.1421,43.7084],[-123.8989,45.5234],[-124.0796,46.8648],[-124.6872,48.1844],[-124.5661,48.3797],[-123.12,48.04],[-122.5874,47.096],[-122.34,47.36],[-122.5,48.18],[-122.84,49]]],[[[-155.4021,20.0798],[-155.0623,19.8591],[-154.8074,19.5087],[-155.6882,18.9162],[-155.9366,19.0594],[-155.9081,19.3389],[-156.0735,19.7029],[-155.8501,19.9773],[-155.8611,20.2672],[-155.4021,20.0798]]],[[[-155.9957,20.764],[-156.0793,20.644],[-156.4144,20.5724],[-156.5867,20.783],[-156.7017,20.8643],[-156.7106,20.9268],[-156.6126,21.0125],[-156.2571,20.9174],[-155.9957,20.764]]],[[[-156.7582,21.1768],[-156.7893,21.0687],[-157.3252,21.0978],[-157.2503,21.2196],[-156.7582,21.1768]]],[[[-158.0252,21.717],[-157.9416,21.6527],[-157.6528,21.3222],[-157.707,21.2644],[-157.7786,21.2773],[-158.1267,21.3124],[-158.2538,21.5392],[-158.2927,21.5791],[-158.0252,21.717]]],[[[-159.3657,22.2149],[-159.3451,21.982],[-159.4637,21.883],[-159.8005,22.0653],[-159.7488,22.1382],[-159.5962,22.2362],[-159.3657,22.2149]]],[[[-166.4678,60.3842],[-165.6744,60.2936],[-165.5792,59.91],[-166.1928,59.7544],[-166.8483,59.9414],[-167.4553,60.2131],[-166.4678,60.3842]]],[[[-153.2287,57.969],[-152.5648,57.9014],[-152.1411,57.5911],[-153.0063,57.1158],[-154.0051,56.7347],[-154.5164,56.9927],[-154.671,57.4612],[-153.7628,57.8166],[-153.2287,57.969]]],[[[-140.986,69.712],[-140.9978,60.3064],[-140.013,60.2768],[-139.039,60],[-137.4525,58.905],[-136.4797,59.4639],[-135.4758,59.7878],[-134.945,59.2706],[-133.3556,58.4103],[-131.7078,56.5521],[-130.0078,55.9158],[-129.98,55.285],[-130.5361,54.8028],[-131.0858,55.1789],[-131.9672,55.4978],[-132.25,56.37],[-133.5392,57.1789],[-134.0781,58.1231],[-136.6281,58.2122],[-137.8,58.5],[-139.8678,59.5378],[-142.5744,60.0844],[-143.9589,59.9992],[-145.9256,60.4586],[-147.1144,60.8847],[-148.2243,60.673],[-148.0181,59.9783],[-149.7279,59.7057],[-150.6082,59.3682],[-151.7164,59.1558],[-151.8594,59.745],[-151.4097,60.7258],[-150.3469,61.0336],[-150.6211,61.2844],[-151.8958,60.7272],[-152.5783,60.0617],[-154.0192,59.3503],[-153.2875,58.8647],[-154.2325,58.1464],[-156.3083,57.4228],[-156.5561,56.98],[-158.1172,56.4636],[-158.4333,55.9942],[-159.6033,55.5667],[-160.2897,55.6436],[-163.0694,54.6897],[-164.7856,54.4042],[-164.9422,54.5722],[-162.87,55.348],[-161.8042,55.895],[-160.5636,56.0081],[-160.0706,56.4181],[-158.6844,57.0167],[-157.7228,57.57],[-157.5503,58.3283],[-157.0417,58.9189],[-158.1947,58.6158],[-158.5172,58.7878],[-159.0586,58.4242],[-159.7117,58.9314],[-159.9813,58.5725],[-160.3553,59.0711],[-161.355,58.6708],[-161.9689,58.6717],[-162.055,59.2669],[-161.8742,59.6336],[-162.5181,59.9897],[-163.8183,59.7981],[-165.3464,60.5075],[-165.3508,61.0739],[-166.1214,61.5],[-165.7345,62.075],[-164.9192,62.6331],[-164.5625,63.1464],[-163.7533,63.2194],[-163.0672,63.0595],[-162.2606,63.5419],[-161.5344,63.4558],[-160.7725,63.7661],[-160.9583,64.2228],[-161.5181,64.4028],[-160.7778,64.7886],[-162.453,64.5594],[-162.7578,64.3386],[-163.5464,64.5592],[-164.9608,64.4469],[-166.4253,64.6867],[-166.845,65.0889],[-168.1106,65.67],[-164.4747,66.5767],[-163.6525,66.5767],[-163.7886,66.0772],[-161.6778,66.1161],[-162.4897,66.7356],[-163.7197,67.1164],[-164.431,67.6163],[-165.3903,68.0428],[-166.7644,68.3589],[-166.2047,68.883],[-164.4308,68.9155],[-163.1686,69.3711],[-162.9306,69.8581],[-161.9089,70.3333],[-159.0392,70.8916],[-158.1197,70.8247],[-156.5808,71.3578],[-155.0678,71.1478],[-154.3442,70.6964],[-153.9,70.89],[-152.21,70.83],[-152.27,70.6],[-150.74,70.43],[-149.72,70.53],[-147.6134,70.214],[-144.92,69.99],[-143.5894,70.1525],[-140.986,69.712]]],[[[-171.7317,63.7825],[-171.1144,63.5922],[-170.4911,63.695],[-169.6825,63.4311],[-168.6894,63.2975],[-169.5294,62.9769],[-170.6714,63.3758],[-171.5531,63.3178],[-171.7911,63.4058],[-171.7317,63.7825]]]]}},{"type":"Feature","properties":{"ADM0_A3":"KAZ","MAPCOLOR7":6},"bbox":[46.466446,40.662325,87.35997,55.38525],"geometry":{"type":"Polygon","coordinates":[[[87.36,49.215],[86.5988,48.5492],[85.7682,48.4558],[85.7205,47.453],[85.1643,47.001],[83.1805,47.33],[82.4589,45.5397],[81.9471,45.317],[79.9661,44.9175],[80.8662,43.1804],[80.1801,42.9201],[80.26,42.35],[79.6436,42.4967],[79.1422,42.8561],[76.0004,42.988],[75.637,42.8779],[74.2129,43.2983],[73.6453,43.0913],[73.4898,42.5009],[71.8446,42.8454],[71.1863,42.7043],[70.9623,42.2662],[69.07,41.3842],[68.6325,40.6687],[68.2599,40.6623],[67.9859,41.136],[66.714,41.1684],[66.5106,41.9876],[66.0234,41.9946],[66.098,42.9977],[64.9008,43.7281],[62.0133,43.5045],[61.0583,44.4058],[58.5031,45.5868],[55.9289,44.9959],[55.9682,41.3086],[55.4553,41.2599],[54.7553,42.044],[54.0794,42.3241],[52.9443,42.116],[52.5025,41.7833],[52.4463,42.0272],[52.6921,42.4439],[52.5014,42.7923],[51.3424,43.133],[50.8913,44.031],[50.3391,44.284],[50.3056,44.6098],[51.2785,44.5149],[51.3169,45.246],[52.1674,45.4084],[53.0409,45.259],[53.2209,46.2346],[53.0427,46.853],[52.042,46.8046],[51.1919,47.0487],[50.0341,46.609],[49.1012,46.3993],[48.5932,46.561],[48.6947,47.0756],[48.0573,47.7438],[47.3152,47.7159],[46.4664,48.3942],[47.0437,49.152],[46.7516,49.356],[47.5495,50.4547],[48.5778,49.8748],[48.7024,50.6051],[50.7666,51.6928],[52.3287,51.7187],[55.7169,50.6217],[56.778,51.0436],[58.3633,51.0636],[59.6423,50.5454],[59.9328,50.8422],[61.3374,50.7991],[61.588,51.2727],[59.9675,51.9604],[60.9273,52.4475],[60.74,52.72],[61.7,52.98],[60.9781,53.665],[61.4366,54.0063],[65.1785,54.3542],[65.6669,54.6013],[68.1691,54.9704],[69.0682,55.3852],[70.8653,55.1697],[71.1801,54.1333],[72.2241,54.3767],[73.5085,54.0356],[73.4257,53.4898],[74.3848,53.5468],[76.8911,54.4905],[76.5252,54.177],[77.8009,53.4044],[80.0356,50.8648],[80.5684,51.3883],[81.946,50.8122],[83.383,51.0692],[83.9351,50.8892],[84.4164,50.3114],[85.1156,50.1173],[85.5413,49.6929],[86.8294,49.8267],[87.36,49.215]]]}},{"type":"Feature","properties":{"ADM0_A3":"UZB","MAPCOLOR7":2},"bbox":[55.928917,37.144994,73.055417,45.586804],"geometry":{"type":"Polygon","coordinates":[[[55.9682,41.3086],[55.9289,44.9959],[58.5031,45.5868],[61.0583,44.4058],[62.0133,43.5045],[64.9008,43.7281],[66.098,42.9977],[66.0234,41.9946],[66.5106,41.9876],[66.714,41.1684],[67.9859,41.136],[68.2599,40.6623],[68.6325,40.6687],[69.07,41.3842],[70.9623,42.2662],[71.2592,42.1677],[70.42,41.52],[71.1579,41.1436],[71.8701,41.3929],[73.0554,40.866],[71.7749,40.1458],[70.6014,40.2185],[70.4582,40.4965],[70.6666,40.9602],[69.3295,40.7278],[69.0116,40.0862],[68.5364,39.5335],[67.7014,39.5805],[67.4422,39.1401],[68.176,38.9016],[68.392,38.157],[67.83,37.145],[67.0758,37.3561],[66.5186,37.3628],[66.5461,37.9747],[65.216,38.4027],[64.1702,38.8924],[62.3743,40.0539],[61.8827,41.0849],[61.5472,41.2664],[60.466,41.2203],[60.0833,41.4251],[59.9764,42.2231],[58.629,42.7516],[57.7865,42.1706],[56.9322,41.826],[57.0964,41.3223],[55.9682,41.3086]]]}},{"type":"Feature","properties":{"ADM0_A3":"PNG","MAPCOLOR7":4},"bbox":[141.00021,-10.652476,156.019965,-2.500002],"geometry":{"type":"MultiPolygon","coordinates":[[[[141.0002,-2.6002],[144.584,-3.8614],[145.8298,-4.8765],[145.9819,-5.4656],[147.6481,-6.0837],[147.8911,-6.614],[146.9709,-6.7217],[147.1919,-7.388],[148.0846,-8.0441],[148.7341,-9.1047],[149.3068,-9.0714],[149.2666,-9.5144],[150.0387,-9.6843],[149.7388,-9.8729],[150.8016,-10.2937],[150.6906,-10.5827],[150.0284,-10.6525],[149.7823,-10.3933],[147.913,-10.1304],[146.5679,-8.9426],[146.0485,-8.0674],[144.7442,-7.6301],[143.2864,-8.2455],[143.4139,-8.9831],[142.6284,-9.3268],[142.0683,-9.1596],[141.0339,-9.1179],[141.0002,-2.6002]]],[[[152.64,-3.66],[153.02,-3.98],[153.14,-4.5],[152.8273,-4.7664],[152.406,-3.7897],[151.3843,-3.0354],[150.662,-2.7415],[150.94,-2.5],[152.24,-3.24],[152.64,-3.66]]],[[[151.3014,-5.8407],[150.2412,-6.3178],[149.71,-6.3165],[148.3189,-5.7471],[148.4018,-5.4378],[149.2984,-5.5837],[149.8456,-5.5055],[149.9963,-5.0261],[150.1398,-5.0013],[150.2369,-5.5322],[150.8075,-5.4558],[151.0897,-5.1137],[151.6479,-4.7571],[151.5379,-4.1678],[152.1368,-4.1488],[152.3387,-4.313],[152.3187,-4.8677],[151.9828,-5.4781],[151.4591,-5.5603],[151.3014,-5.8407]]],[[[154.76,-5.34],[155.5477,-6.2007],[156.02,-6.54],[155.88,-6.82],[155.6,-6.92],[155.167,-6.5359],[154.7292,-5.9008],[154.5141,-5.1391],[154.6525,-5.0424],[154.76,-5.34]]]]}},{"type":"Feature","properties":{"ADM0_A3":"IDN","MAPCOLOR7":6},"bbox":[95.293026,-10.359987,141.033852,5.479821],"geometry":{"type":"MultiPolygon","coordinates":[[[[141.0002,-2.6002],[141.0339,-9.1179],[140.1434,-8.2972],[139.1278,-8.096],[138.8815,-8.3809],[137.6145,-8.4117],[138.0391,-7.5979],[138.6686,-7.3202],[138.4079,-6.2328],[137.9278,-5.3934],[135.9892,-4.5465],[135.1646,-4.4629],[133.6629,-3.5389],[133.3677,-4.0248],[132.984,-4.113],[132.7569,-3.7463],[132.7538,-3.3118],[131.9898,-2.8206],[133.0668,-2.4604],[133.78,-2.4798],[133.6962,-2.2145],[132.2324,-2.2125],[131.8362,-1.6172],[130.9428,-1.4325],[130.5196,-0.9377],[131.8675,-0.6955],[132.3801,-0.3695],[133.9855,-0.7802],[134.4226,-2.7692],[135.4576,-3.3678],[136.2933,-2.307],[137.4407,-1.7035],[138.3297,-1.7027],[139.9267,-2.4091],[141.0002,-2.6002]]],[[[124.9687,-8.8928],[125.07,-9.09],[125.0885,-9.3932],[124.436,-10.14],[123.58,-10.36],[123.46,-10.24],[123.55,-9.9],[123.98,-9.29],[124.9687,-8.8928]]],[[[134.2101,-6.8952],[134.1128,-6.1425],[134.2903,-5.7831],[134.4996,-5.445],[134.727,-5.7376],[134.7246,-6.2144],[134.2101,-6.8952]]],[[[117.882,4.1376],[117.3132,3.2344],[118.0483,2.2877],[117.8756,1.8276],[118.9967,0.9022],[117.8119,0.7842],[117.4783,0.1025],[117.5216,-0.8037],[116.56,-1.4877],[116.5338,-2.4835],[116.1481,-4.0127],[116.0009,-3.657],[114.8648,-4.107],[114.4687,-3.4957],[113.7557,-3.4392],[113.257,-3.1188],[112.0681,-3.4784],[111.7033,-2.9944],[111.0482,-3.0494],[110.2238,-2.934],[110.0709,-1.5929],[109.5719,-1.3149],[109.0919,-0.4595],[108.9527,0.4154],[109.0691,1.3419],[109.6633,2.0065],[109.8302,1.3381],[110.5141,0.7731],[111.1591,0.9765],[111.7975,0.9044],[112.3803,1.4101],[112.8598,1.4978],[113.8059,1.2175],[114.6214,1.4307],[115.134,2.8215],[115.5191,3.1692],[115.8655,4.3066],[117.0152,4.3061],[117.882,4.1376]]],[[[129.371,-2.8022],[130.4713,-3.0938],[130.8348,-3.8585],[129.9905,-3.4463],[129.1552,-3.3626],[128.5907,-3.4287],[127.8989,-3.3934],[128.1359,-2.8436],[129.371,-2.8022]]],[[[126.8749,-3.791],[126.1838,-3.6074],[125.989,-3.1773],[127.0007,-3.1293],[127.2492,-3.4591],[126.8749,-3.791]]],[[[127.9324,2.1746],[128.0042,1.6285],[128.5946,1.5408],[128.6882,1.1324],[128.636,0.2585],[128.1202,0.3564],[127.968,-0.2521],[128.38,-0.78],[128.1,-0.9],[127.6965,-0.2666],[127.3995,1.0117],[127.6005,1.8107],[127.9324,2.1746]]],[[[122.9276,0.8752],[124.0775,0.9171],[125.066,1.6433],[125.2405,1.4198],[124.437,0.4279],[123.6855,0.2356],[122.7231,0.4311],[121.0567,0.3812],[120.1831,0.2372],[120.0409,-0.5197],[120.9359,-1.4089],[121.4758,-0.956],[123.3406,-0.6157],[123.2584,-1.0762],[122.8227,-0.931],[122.3885,-1.5169],[121.5083,-1.9045],[122.4546,-3.1861],[122.2719,-3.5295],[123.171,-4.6837],[123.1623,-5.3406],[122.6285,-5.6346],[122.2364,-5.2829],[122.7196,-4.4642],[121.7382,-4.8513],[121.4895,-4.5746],[121.6192,-4.1885],[120.8982,-3.6021],[120.9724,-2.6276],[120.3055,-2.9316],[120.4307,-5.5282],[119.7965,-5.6734],[119.3669,-5.3799],[119.6536,-4.4594],[119.4988,-3.4944],[119.0783,-3.487],[118.7678,-2.802],[119.181,-2.1471],[119.3234,-1.3531],[119.826,0.1543],[120.0357,0.5665],[120.8858,1.3092],[121.6668,1.0139],[122.9276,0.8752]]],[[[120.295,-10.2586],[118.9678,-9.558],[119.9003,-9.3613],[120.4258,-9.6659],[120.7755,-9.9697],[120.7156,-10.2396],[120.295,-10.2586]]],[[[121.3417,-8.5367],[122.0074,-8.4606],[122.9035,-8.0942],[122.757,-8.6498],[121.2545,-8.9337],[119.9244,-8.8104],[119.9209,-8.4449],[120.7151,-8.237],[121.3417,-8.5367]]],[[[118.2606,-8.3624],[118.8785,-8.2807],[119.1265,-8.7058],[117.2777,-9.0409],[116.7401,-9.0329],[117.0837,-8.4572],[117.632,-8.4493],[117.9,-8.0957],[118.2606,-8.3624]]],[[[108.4868,-6.422],[108.6235,-6.7777],[110.5392,-6.8774],[110.7596,-6.4652],[112.6148,-6.946],[112.9788,-7.5942],[114.4789,-7.7765],[115.7055,-8.3708],[114.5645,-8.7518],[113.4647,-8.3489],[111.5221,-8.3021],[108.6937,-7.6416],[108.2778,-7.7667],[106.4541,-7.3549],[106.2806,-6.9249],[105.3655,-6.8514],[106.0516,-5.8959],[107.265,-5.955],[108.0721,-6.3458],[108.4868,-6.422]]],[[[104.37,-1.0848],[104.5395,-1.7824],[104.8879,-2.3404],[105.6221,-2.4288],[106.1086,-3.0618],[105.8574,-4.3055],[105.8177,-5.8524],[104.7104,-5.8733],[103.8682,-5.0373],[102.5843,-4.2203],[101.3991,-2.7998],[100.142,-0.6503],[99.2637,0.1831],[98.6014,1.8235],[97.6996,2.4532],[97.1769,3.3088],[96.424,3.8689],[95.3809,4.9708],[95.293,5.4798],[97.4849,5.2463],[98.3692,4.2684],[99.694,3.1743],[100.6414,2.0994],[101.658,2.0837],[102.4983,1.3987],[103.0768,0.5614],[103.8384,0.1045],[103.4376,-0.7119],[104.0108,-1.0592],[104.37,-1.0848]]]]}},{"type":"Feature","properties":{"ADM0_A3":"ARG","MAPCOLOR7":3},"bbox":[-73.415436,-55.25,-53.628349,-21.83231],"geometry":{"type":"MultiPolygon","coordinates":[[[[-68.634,-52.6364],[-67.75,-53.85],[-66.45,-54.45],[-65.05,-54.7],[-65.5,-55.2],[-66.45,-55.25],[-66.9599,-54.8968],[-68.6333,-54.8695],[-68.634,-52.6364]]],[[[-57.6251,-30.2163],[-58.1424,-32.0445],[-58.1326,-33.0406],[-58.3496,-33.2632],[-58.4954,-34.4315],[-57.2258,-35.288],[-57.3624,-35.9774],[-56.7375,-36.4131],[-56.7883,-36.9016],[-57.7492,-38.1839],[-59.2319,-38.7202],[-61.2374,-38.9284],[-62.336,-38.8277],[-62.1258,-39.4241],[-62.3305,-40.1726],[-62.146,-40.6769],[-62.7458,-41.0288],[-63.7705,-41.1668],[-64.7321,-40.8027],[-65.118,-41.0643],[-64.9786,-42.058],[-64.3034,-42.359],[-63.7559,-42.0437],[-63.4581,-42.5631],[-64.3788,-42.8736],[-65.1818,-43.4954],[-65.3288,-44.5014],[-65.5653,-45.0368],[-66.51,-45.0396],[-67.2938,-45.5519],[-67.5805,-46.3018],[-66.5971,-47.0339],[-65.641,-47.2361],[-65.9851,-48.1333],[-67.1662,-48.6973],[-67.8161,-49.8697],[-68.7287,-50.2642],[-69.1385,-50.7325],[-68.8156,-51.7711],[-68.15,-52.35],[-69.4984,-52.1428],[-71.9148,-52.009],[-72.3294,-51.426],[-72.31,-50.677],[-72.9757,-50.7415],[-73.3281,-50.3788],[-73.4154,-49.3184],[-72.6482,-48.8786],[-72.3312,-48.2442],[-72.4474,-47.7385],[-71.9173,-46.8848],[-71.552,-45.5607],[-71.6593,-44.9737],[-71.2228,-44.7842],[-71.3298,-44.4075],[-71.7936,-44.2072],[-71.4641,-43.7876],[-71.9154,-43.4086],[-72.1489,-42.2549],[-71.7468,-42.0514],[-71.9157,-40.8323],[-71.4135,-38.916],[-70.8147,-38.553],[-71.1186,-37.5768],[-71.1219,-36.6581],[-70.3648,-36.0051],[-70.388,-35.1697],[-69.8173,-34.1936],[-69.8148,-33.2739],[-70.0744,-33.0912],[-70.5351,-31.365],[-69.919,-30.3363],[-70.0135,-29.3679],[-69.6561,-28.4591],[-69.0012,-27.5212],[-68.2955,-26.8993],[-68.5948,-26.5069],[-68.386,-26.185],[-68.4177,-24.5186],[-67.3284,-24.0253],[-66.9852,-22.9863],[-67.1067,-22.7359],[-66.2733,-21.8323],[-64.9649,-22.0759],[-64.377,-22.7981],[-63.9868,-21.9936],[-62.8465,-22.035],[-60.8466,-23.8807],[-60.029,-24.0328],[-58.8071,-24.7715],[-57.7772,-25.1623],[-57.6337,-25.6037],[-58.6182,-27.1237],[-56.4867,-27.5485],[-55.6958,-27.3878],[-54.7888,-26.6218],[-54.6253,-25.7393],[-54.13,-25.5476],[-53.6283,-26.1249],[-53.6487,-26.9235],[-55.1623,-27.8819],[-57.6251,-30.2163]]]]}},{"type":"Feature","properties":{"ADM0_A3":"CHL","MAPCOLOR7":5},"bbox":[-75.644395,-55.61183,-66.95992,-17.580012],"geometry":{"type":"MultiPolygon","coordinates":[[[[-68.634,-52.6364],[-68.6333,-54.8695],[-66.9599,-54.8968],[-67.291,-55.3012],[-68.1486,-55.6118],[-69.2321,-55.4991],[-69.9581,-55.1984],[-71.0057,-55.0538],[-73.2852,-53.9575],[-74.6625,-52.8375],[-73.8381,-53.0474],[-72.4342,-53.7154],[-71.1077,-54.0743],[-70.5918,-53.6158],[-70.2675,-52.9312],[-69.3457,-52.5183],[-68.634,-52.6364]]],[[[-69.5904,-17.58],[-69.1002,-18.2601],[-68.9668,-18.9817],[-68.4422,-19.4051],[-68.7572,-20.3727],[-68.2199,-21.4943],[-67.8282,-22.8729],[-67.1067,-22.7359],[-66.9852,-22.9863],[-67.3284,-24.0253],[-68.4177,-24.5186],[-68.386,-26.185],[-68.5948,-26.5069],[-68.2955,-26.8993],[-69.0012,-27.5212],[-69.6561,-28.4591],[-70.0135,-29.3679],[-69.919,-30.3363],[-70.5351,-31.365],[-70.0744,-33.0912],[-69.8148,-33.2739],[-69.8173,-34.1936],[-70.388,-35.1697],[-70.3648,-36.0051],[-71.1219,-36.6581],[-71.1186,-37.5768],[-70.8147,-38.553],[-71.4135,-38.916],[-71.9157,-40.8323],[-71.7468,-42.0514],[-72.1489,-42.2549],[-71.9154,-43.4086],[-71.4641,-43.7876],[-71.7936,-44.2072],[-71.3298,-44.4075],[-71.2228,-44.7842],[-71.6593,-44.9737],[-71.552,-45.5607],[-71.9173,-46.8848],[-72.4474,-47.7385],[-72.3312,-48.2442],[-72.6482,-48.8786],[-73.4154,-49.3184],[-73.3281,-50.3788],[-72.9757,-50.7415],[-72.31,-50.677],[-72.3294,-51.426],[-71.9148,-52.009],[-69.4984,-52.1428],[-68.5715,-52.2994],[-69.4613,-52.292],[-70.8451,-52.8992],[-71.0063,-53.8333],[-71.4298,-53.8565],[-72.5579,-53.5314],[-73.7028,-52.8351],[-74.9468,-52.2628],[-75.26,-51.6294],[-74.9766,-51.0434],[-75.4798,-50.3784],[-75.608,-48.6738],[-75.1828,-47.7119],[-74.1266,-46.9393],[-75.6444,-46.6476],[-74.6922,-45.764],[-74.3517,-44.103],[-73.2404,-44.455],[-72.7178,-42.3834],[-73.3889,-42.1175],[-73.7013,-43.3658],[-74.3319,-43.225],[-73.6771,-39.9422],[-73.2176,-39.2587],[-73.5056,-38.2829],[-73.5881,-37.1563],[-73.1667,-37.1238],[-71.8617,-33.9091],[-71.4385,-32.4189],[-71.6687,-30.9206],[-71.3701,-30.0957],[-71.4899,-28.8614],[-70.9051,-27.6404],[-70.0912,-21.3933],[-70.1644,-19.7565],[-70.3726,-18.348],[-69.8584,-18.0927],[-69.5904,-17.58]]]]}},{"type":"Feature","properties":{"ADM0_A3":"COD","MAPCOLOR7":4},"bbox":[12.182337,-13.257227,31.174149,5.256088],"geometry":{"type":"Polygon","coordinates":[[[29.34,-4.5],[29.52,-5.42],[29.42,-5.94],[29.62,-6.52],[30.2,-7.08],[30.74,-8.34],[30.3461,-8.2383],[28.7349,-8.5266],[28.4499,-9.1649],[28.6737,-9.6059],[28.3723,-11.7936],[29.3415,-12.3607],[29.616,-12.1789],[29.6996,-13.2572],[28.9343,-13.249],[28.1551,-12.2725],[27.3888,-12.1327],[27.1644,-11.6087],[26.5531,-11.9244],[25.7523,-11.785],[25.4181,-11.3309],[24.3145,-11.2628],[24.2572,-10.952],[23.4568,-10.8679],[22.1553,-11.0848],[22.2088,-9.8948],[21.8752,-9.5237],[21.8018,-8.9087],[21.9491,-8.3059],[21.7465,-7.9201],[21.7281,-7.2909],[20.5147,-7.2996],[20.6018,-6.9393],[20.0916,-6.9431],[20.0377,-7.1164],[19.4175,-7.1554],[19.0168,-7.9882],[18.4642,-7.847],[17.473,-8.0686],[16.8602,-7.2223],[16.3265,-5.8775],[13.3756,-5.8642],[12.3224,-6.1001],[12.1823,-5.7899],[12.4367,-5.6843],[12.468,-5.2484],[12.6316,-4.9913],[12.9955,-4.7811],[13.2582,-4.883],[13.6002,-4.5001],[14.145,-4.51],[14.209,-4.7931],[14.5826,-4.9702],[16.0063,-3.5351],[15.9728,-2.7124],[16.4071,-1.7409],[16.8653,-1.2258],[17.5237,-0.7438],[17.6386,-0.4248],[17.8265,0.2889],[17.7742,0.8557],[17.8988,1.7418],[18.3938,2.9004],[18.543,4.2018],[18.9323,4.7095],[19.4678,5.0315],[20.9276,4.3228],[22.4051,4.0292],[22.8415,4.7101],[23.2972,4.6097],[24.4105,5.1088],[24.805,4.8972],[25.1288,4.9272],[25.2788,5.1704],[25.6505,5.2561],[27.0441,5.1279],[27.3742,5.2339],[27.98,4.4084],[28.429,4.2872],[28.6967,4.4551],[29.1591,4.3893],[29.716,4.6008],[29.9535,4.1737],[30.8339,3.5092],[30.7733,2.3399],[31.1741,2.2045],[30.4685,1.5838],[29.8758,0.5974],[29.8195,-0.2053],[29.5878,-0.5874],[29.5795,-1.3413],[29.2919,-1.6201],[29.2548,-2.2151],[29.1175,-2.2922],[29.0249,-2.8393],[29.2764,-3.2939],[29.34,-4.5]]]}},{"type":"Feature","properties":{"ADM0_A3":"SOM","MAPCOLOR7":2},"bbox":[40.98105,-1.68325,51.13387,12.02464],"geometry":{"type":"Polygon","coordinates":[[[41.5851,-1.6832],[40.993,-0.8583],[40.9811,2.7845],[42.1286,4.2341],[42.7697,4.2526],[43.6609,4.9576],[44.9636,5.0016],[47.7894,8.003],[48.9381,9.4517],[48.9482,11.4106],[50.2588,11.6796],[50.732,12.0219],[51.1112,12.0246],[51.0453,10.6409],[50.8342,10.2797],[50.5524,9.1987],[49.4527,6.8047],[48.5945,5.3391],[46.5648,2.8553],[43.136,0.2922],[42.0416,-0.9192],[41.5851,-1.6832]]]}},{"type":"Feature","properties":{"ADM0_A3":"KEN","MAPCOLOR7":5},"bbox":[33.893569,-4.67677,41.855083,5.506],"geometry":{"type":"Polygon","coordinates":[[[39.2022,-4.6768],[37.7669,-3.6771],[37.6987,-3.097],[33.9037,-0.95],[33.8936,0.1098],[34.6721,1.1769],[35.036,1.9058],[34.4791,3.5556],[34.005,4.2499],[35.298,5.506],[35.8174,5.3382],[35.8174,4.777],[36.1591,4.4479],[36.8551,4.4479],[38.1209,3.5986],[38.6711,3.6161],[39.5594,3.4221],[39.8549,3.8388],[40.7685,4.257],[41.1718,3.9191],[41.8551,3.9189],[40.9811,2.7845],[40.993,-0.8583],[41.5851,-1.6832],[40.8848,-2.0825],[40.6379,-2.4998],[40.263,-2.5731],[40.1212,-3.2777],[39.8001,-3.6812],[39.6049,-4.3465],[39.2022,-4.6768]]]}},{"type":"Feature","properties":{"ADM0_A3":"SDN","MAPCOLOR7":2},"bbox":[21.93681,8.229188,38.41009,22],"geometry":{"type":"Polygon","coordinates":[[[24.5674,8.2292],[23.459,8.9543],[23.3948,9.2651],[23.5572,9.6812],[23.5543,10.0893],[22.9775,10.7145],[22.8762,11.3846],[22.5087,11.6794],[22.4976,12.2602],[22.288,12.6461],[21.9368,12.5882],[22.2966,13.3723],[22.1833,13.7865],[22.512,14.0932],[22.3035,14.3268],[23.0246,15.6807],[23.8869,15.6108],[23.85,20],[25,20.003],[25,22],[36.8662,22],[37.1887,21.0189],[36.9694,20.8374],[37.1147,19.808],[37.4818,18.6141],[38.4101,17.9983],[37.904,17.4275],[37.1675,17.2631],[36.8525,16.9566],[36.3232,14.8225],[36.4295,14.4221],[36.2702,13.5633],[35.8636,12.5783],[35.2605,12.0829],[34.8316,11.319],[34.7311,10.9102],[34.2574,10.6301],[33.9616,9.5836],[33.975,8.6846],[33.9634,9.4643],[33.825,9.4841],[33.8421,9.9819],[33.722,10.3253],[33.2069,10.7201],[33.0868,11.4411],[33.2069,12.1793],[32.7434,12.248],[32.6748,12.0248],[32.0739,11.9733],[32.3142,11.6815],[32.4001,11.0806],[31.3529,9.8102],[30.8378,9.7072],[29.9966,10.2909],[29.619,10.0849],[29.516,9.7931],[29.0009,9.6042],[28.9666,9.3982],[27.9709,9.3982],[27.8336,9.6042],[27.1125,9.6386],[26.752,9.4669],[26.4773,9.5527],[25.7906,10.4111],[25.0696,10.2738],[24.7949,9.8102],[24.5374,8.9175],[23.887,8.6197],[24.5674,8.2292]]]}},{"type":"Feature","properties":{"ADM0_A3":"TCD","MAPCOLOR7":6},"bbox":[13.540394,7.421925,23.88689,23.40972],"geometry":{"type":"Polygon","coordinates":[[[23.8377,19.5805],[23.8869,15.6108],[23.0246,15.6807],[22.3035,14.3268],[22.512,14.0932],[22.1833,13.7865],[22.2966,13.3723],[21.9368,12.5882],[22.288,12.6461],[22.4976,12.2602],[22.5087,11.6794],[22.8762,11.3846],[22.8642,11.1424],[22.2311,10.9719],[21.7238,10.5671],[21.0009,9.476],[20.0597,9.0127],[19.094,9.0748],[18.812,8.9829],[18.911,8.6309],[17.9649,7.8909],[16.706,7.5083],[16.2906,7.7543],[16.1062,7.4971],[15.2795,7.4219],[15.4361,7.6928],[14.98,8.7961],[14.5445,8.9659],[13.9542,9.5495],[14.1715,10.0214],[14.6272,9.9209],[15.4679,9.9823],[14.9236,10.8913],[14.8934,12.219],[14.4958,12.8594],[14.5958,13.3304],[13.9545,13.3534],[13.9567,13.9967],[13.5404,14.3671],[13.9722,15.6844],[15.2477,16.6273],[15.3004,17.9279],[15.6857,19.9572],[15.9032,20.3876],[15.4871,20.7304],[15.4711,21.0484],[15.0969,21.3085],[14.8513,22.863],[15.8608,23.4097],[23.8377,19.5805]]]}},{"type":"Feature","properties":{"ADM0_A3":"HTI","MAPCOLOR7":2},"bbox":[-74.458034,18.030993,-71.624873,19.915684],"geometry":{"type":"Polygon","coordinates":[[[-71.7124,19.7145],[-71.6249,19.1698],[-71.7013,18.7854],[-71.9451,18.6169],[-71.6877,18.3167],[-71.7083,18.045],[-72.3725,18.215],[-73.4546,18.2179],[-73.9224,18.031],[-74.458,18.3425],[-74.3699,18.6649],[-72.6949,18.4458],[-72.3349,18.6684],[-72.7917,19.1016],[-72.7841,19.4836],[-73.415,19.6396],[-73.1898,19.9157],[-71.7124,19.7145]]]}},{"type":"Feature","properties":{"ADM0_A3":"DOM","MAPCOLOR7":5},"bbox":[-71.945112,17.598564,-68.317943,19.884911],"geometry":{"type":"Polygon","coordinates":[[[-71.7083,18.045],[-71.6877,18.3167],[-71.9451,18.6169],[-71.7013,18.7854],[-71.6249,19.1698],[-71.7124,19.7145],[-71.5873,19.8849],[-70.8067,19.8803],[-70.2144,19.6229],[-69.9508,19.648],[-69.7692,19.2933],[-69.2221,19.3132],[-69.2543,19.0152],[-68.8094,18.9791],[-68.3179,18.6122],[-68.6893,18.2051],[-69.1649,18.4226],[-69.9529,18.4283],[-70.1332,18.2459],[-70.5171,18.1843],[-70.6693,18.4269],[-70.9999,18.2833],[-71.4002,17.5986],[-71.6577,17.7576],[-71.7083,18.045]]]}},{"type":"Feature","properties":{"ADM0_A3":"RUS","MAPCOLOR7":2},"bbox":[-180,41.151416,180,81.2504],"geometry":{"type":"MultiPolygon","coordinates":[[[[178.7253,71.0988],[180,71.5157],[180,70.8322],[178.9034,70.7811],[178.7253,71.0988]]],[[[49.1012,46.3993],[48.6454,45.8063],[47.6759,45.6415],[46.682,44.6092],[47.5909,43.6602],[47.4925,42.9866],[48.5844,41.8089],[47.9873,41.4058],[47.8157,41.1514],[47.3733,41.2197],[46.6861,41.8271],[45.7764,42.0924],[45.4703,42.5028],[44.5376,42.712],[43.9312,42.555],[43.756,42.7408],[42.3944,43.2203],[40.077,43.5531],[39.955,43.435],[38.68,44.28],[37.5391,44.6572],[36.6755,45.2447],[37.4032,45.4045],[38.233,46.2409],[37.6737,46.6366],[39.1477,47.0448],[39.1212,47.2634],[38.2235,47.1022],[38.2551,47.5464],[38.7706,47.8256],[39.7383,47.8989],[39.8956,48.2324],[39.6746,48.7838],[40.0808,49.3074],[40.069,49.6011],[38.595,49.9265],[38.0106,49.9157],[37.3935,50.384],[36.6262,50.2256],[35.3561,50.5772],[35.3779,50.7739],[35.0222,51.2076],[34.2248,51.256],[34.142,51.5664],[34.3917,51.7689],[33.7527,52.3351],[32.4121,52.2887],[32.1594,52.0613],[31.786,52.1017],[31.3052,53.074],[31.4976,53.1674],[32.3045,53.1327],[32.6936,53.3514],[32.4056,53.618],[31.7313,53.794],[31.7914,53.9746],[31.3845,54.1571],[30.7575,54.8118],[30.9718,55.0815],[30.8739,55.551],[29.8963,55.7895],[29.3716,55.6701],[29.2295,55.9183],[28.1767,56.1691],[27.8553,56.7593],[27.77,57.2443],[27.2882,57.4745],[27.7167,57.7919],[27.4201,58.7246],[28.1317,59.3008],[27.9811,59.4754],[29.1177,60.0281],[28.07,60.5035],[31.14,62.3577],[31.5161,62.8677],[30.0359,63.5528],[30.4447,64.2045],[29.5444,64.9487],[30.2176,65.806],[29.0546,66.9443],[29.9774,67.6983],[28.4459,68.3646],[28.5919,69.0648],[31.1011,69.5581],[32.1327,69.906],[33.7755,69.3014],[36.514,69.0634],[40.2923,67.9324],[41.0599,67.4571],[41.126,66.7916],[40.0158,66.2662],[38.383,65.9995],[33.9187,66.7596],[33.1844,66.6325],[34.8148,65.9001],[34.9439,64.4144],[37.0127,63.8498],[37.142,64.3347],[36.5396,64.7645],[37.176,65.1432],[39.5934,64.5208],[40.4356,64.7645],[39.7626,65.4968],[42.0931,66.4762],[43.016,66.4186],[43.9498,66.0691],[44.5323,66.7563],[43.6984,67.3525],[44.188,67.9505],[43.4528,68.5708],[46.25,68.25],[46.8213,67.69],[45.5552,67.5665],[45.562,67.0101],[46.3492,66.6677],[47.8942,66.8846],[48.1388,67.5224],[53.7174,68.8574],[54.4717,68.8081],[53.4858,68.2013],[54.7263,68.097],[55.4427,68.4387],[57.317,68.4663],[58.802,68.8808],[59.9414,68.2784],[61.0778,68.9407],[60.03,69.52],[60.55,69.85],[63.504,69.5474],[64.8881,69.2348],[68.5122,68.0923],[69.1807,68.6156],[68.1644,69.1444],[68.1352,69.3565],[66.9301,69.4546],[67.2598,69.9287],[66.7249,70.7089],[66.6947,71.029],[68.5401,71.9345],[69.1964,72.8434],[69.94,73.04],[72.5875,72.7763],[72.796,72.2201],[71.8481,71.409],[72.4701,71.0902],[72.7919,70.3911],[72.5647,69.0208],[73.6679,68.4079],[73.2387,67.7404],[71.28,66.32],[72.423,66.1727],[72.8208,66.5327],[73.921,66.7895],[74.1865,67.2843],[75.052,67.7605],[74.4693,68.329],[74.9358,68.9892],[73.8424,69.0715],[73.6019,69.6276],[74.3998,70.6317],[73.1011,71.4472],[74.8908,72.1212],[74.6593,72.8323],[75.158,72.855],[75.6835,72.3006],[75.289,71.3356],[76.3591,71.1529],[75.9031,71.874],[77.5767,72.2672],[79.652,72.3201],[81.5,71.75],[80.6107,72.5828],[80.5111,73.6482],[82.25,73.85],[84.6553,73.8059],[86.8223,73.9369],[86.0096,74.4597],[87.1668,75.1164],[88.3157,75.1439],[90.26,75.64],[92.9006,75.7733],[93.2342,76.0472],[95.86,76.14],[96.6782,75.9155],[98.9225,76.4469],[100.7597,76.4303],[101.0353,76.8619],[101.9908,77.2875],[104.3516,77.6979],[106.0666,77.3739],[104.705,77.1274],[106.9701,76.9742],[107.24,76.48],[108.1538,76.7233],[111.0773,76.71],[113.3315,76.2222],[114.1342,75.8476],[113.8854,75.3278],[110.1513,74.4767],[109.4,74.18],[112.1192,73.7877],[113.0195,73.9769],[113.5296,73.335],[113.9688,73.5949],[115.5678,73.7528],[118.7763,73.5877],[119.02,73.12],[123.2007,72.9712],[123.2578,73.735],[125.38,73.56],[126.9764,73.5655],[128.5913,73.0387],[129.0516,72.3987],[128.46,71.98],[129.716,71.193],[131.2886,70.787],[132.2535,71.8363],[133.8577,71.3864],[135.5619,71.6552],[137.4975,71.3476],[138.2341,71.628],[139.8698,71.4878],[139.1479,72.4162],[140.4682,72.8494],[149.5,72.2],[150.3512,71.6064],[152.9689,70.8422],[157.0069,71.0314],[158.9978,70.8667],[159.8303,70.4532],[159.7087,69.722],[160.9405,69.4373],[162.2791,69.642],[164.0525,69.6682],[165.9404,69.472],[167.8357,69.5827],[169.5776,68.6938],[170.8169,69.0136],[170.0082,69.6528],[170.4535,70.097],[173.6439,69.8174],[175.724,69.8773],[178.6,69.4],[180,68.9636],[180,64.9797],[178.7072,64.5349],[177.4113,64.6082],[178.313,64.0759],[178.9083,63.252],[179.3703,62.9826],[179.4864,62.5689],[179.2283,62.3041],[177.3643,62.5219],[174.5693,61.7692],[173.6801,61.6526],[170.6985,60.3362],[170.3308,59.8818],[168.9005,60.5735],[166.295,59.7886],[165.84,60.16],[164.8767,59.7316],[163.5393,59.8687],[163.2171,59.211],[162.0173,58.2433],[162.053,57.8391],[163.1919,57.615],[163.0579,56.1592],[162.1296,56.1222],[161.7015,55.2857],[162.1175,54.8551],[160.3688,54.3443],[160.0217,53.2026],[158.5309,52.9587],[158.2312,51.9427],[156.7898,51.011],[156.42,51.7],[155.4337,55.381],[155.9144,56.7679],[156.7582,57.3647],[156.8103,57.832],[158.3643,58.0558],[160.1506,59.3148],[161.872,60.343],[163.6697,61.1409],[164.4735,62.5506],[163.2584,62.4663],[162.6579,61.6425],[160.1215,60.5442],[159.3023,61.774],[156.7207,61.4344],[154.2181,59.7582],[155.0437,59.145],[151.2657,58.7809],[151.3382,59.504],[149.7837,59.6557],[148.5448,59.1645],[145.4872,59.3364],[142.1978,59.04],[135.1262,54.7296],[136.7017,54.6035],[137.1934,53.9773],[138.1647,53.755],[138.8046,54.2546],[139.9015,54.1897],[141.3453,53.0896],[141.3792,52.2388],[140.5974,51.2397],[140.5131,50.0455],[140.0619,48.4467],[138.5547,46.9997],[138.2197,46.3079],[134.8694,43.3982],[133.5369,42.8115],[132.9063,42.7985],[132.2781,43.2846],[130.9359,42.5527],[130.78,42.22],[130.64,42.395],[130.6339,42.903],[131.1447,42.93],[131.2886,44.1115],[131.0252,44.968],[131.8835,45.3212],[133.0971,45.1441],[133.7696,46.1169],[134.1123,47.2125],[134.5008,47.5784],[135.0263,48.4782],[133.3736,48.1834],[132.5067,47.789],[130.9873,47.7901],[130.5823,48.7297],[129.3978,49.4406],[127.6574,49.7603],[127.2875,50.7398],[125.9463,52.7928],[125.0682,53.161],[123.5715,53.4588],[122.2457,53.4317],[121.0031,53.2514],[120.1771,52.7539],[120.7258,52.5162],[120.7382,51.9641],[120.1821,51.6435],[119.2794,50.5829],[119.2885,50.1429],[117.8792,49.511],[116.6788,49.8885],[115.4857,49.8052],[114.9621,50.1402],[114.3625,50.2483],[112.8977,49.5436],[111.5812,49.378],[110.662,49.1301],[108.4752,49.2825],[107.8682,49.7937],[106.8888,50.2743],[105.8866,50.406],[103.6765,50.09],[102.2559,50.5106],[102.0652,51.2599],[99.9817,51.634],[98.8615,52.0474],[97.8257,51.011],[98.2318,50.4224],[97.2598,49.7261],[95.814,49.9775],[94.8159,50.0134],[94.1476,50.4805],[93.1042,50.4953],[92.2347,50.8022],[90.7137,50.3318],[88.8056,49.4705],[87.36,49.215],[86.8294,49.8267],[85.5413,49.6929],[85.1156,50.1173],[84.4164,50.3114],[83.9351,50.8892],[83.383,51.0692],[81.946,50.8122],[80.5684,51.3883],[80.0356,50.8648],[77.8009,53.4044],[76.5252,54.177],[76.8911,54.4905],[74.3848,53.5468],[73.4257,53.4898],[73.5085,54.0356],[72.2241,54.3767],[71.1801,54.1333],[70.8653,55.1697],[69.0682,55.3852],[68.1691,54.9704],[65.6669,54.6013],[65.1785,54.3542],[61.4366,54.0063],[60.9781,53.665],[61.7,52.98],[60.74,52.72],[60.9273,52.4475],[59.9675,51.9604],[61.588,51.2727],[61.3374,50.7991],[59.9328,50.8422],[59.6423,50.5454],[58.3633,51.0636],[56.778,51.0436],[55.7169,50.6217],[52.3287,51.7187],[50.7666,51.6928],[48.7024,50.6051],[48.5778,49.8748],[47.5495,50.4547],[46.7516,49.356],[47.0437,49.152],[46.4664,48.3942],[47.3152,47.7159],[48.0573,47.7438],[48.6947,47.0756],[48.5932,46.561],[49.1012,46.3993]]],[[[93.7777,81.0246],[95.9409,81.2504],[97.8838,80.747],[100.1867,79.7801],[99.9398,78.8809],[97.7579,78.7562],[94.9726,79.0447],[93.3129,79.4265],[92.5454,80.1438],[91.1811,80.3415],[93.7777,81.0246]]],[[[102.8378,79.2813],[105.3724,78.7133],[105.0755,78.3069],[99.4381,77.921],[101.2649,79.234],[102.0863,79.3464],[102.8378,79.2813]]],[[[138.8311,76.1368],[141.4716,76.0929],[145.0863,75.5626],[144.3,74.82],[140.6138,74.8477],[138.9554,74.6115],[136.9744,75.2617],[137.5118,75.9492],[138.8311,76.1368]]],[[[148.2222,75.3458],[150.7317,75.0841],[149.5759,74.6889],[147.9775,74.7784],[146.1192,75.173],[146.3585,75.4968],[148.2222,75.3458]]],[[[139.8631,73.3698],[140.8117,73.7651],[142.0621,73.8576],[143.4828,73.4753],[143.6038,73.2124],[142.0876,73.2054],[140.0382,73.3169],[139.8631,73.3698]]],[[[44.847,80.5898],[48.3185,80.784],[48.5228,80.5146],[49.0972,80.754],[50.0398,80.9189],[51.5229,80.6997],[51.1362,80.5473],[48.8944,80.3396],[48.7549,80.1755],[47.5861,80.0102],[46.5028,80.2472],[47.0725,80.5594],[44.847,80.5898]]],[[[22.7311,54.3275],[20.8922,54.3125],[19.6606,54.4261],[19.8885,54.8662],[21.2684,55.1905],[22.3157,55.0153],[22.7578,54.8566],[22.6511,54.5827],[22.7311,54.3275]]],[[[53.5083,73.7498],[55.9025,74.6275],[55.6319,75.0814],[61.17,76.2519],[64.4984,76.4391],[66.211,76.8098],[68.1571,76.9397],[68.8522,76.5448],[68.1806,76.2336],[61.5835,75.2609],[58.4771,74.3091],[55.4193,72.3713],[55.6228,71.5406],[57.5357,70.7205],[56.945,70.6327],[53.6774,70.7627],[53.412,71.2067],[51.6019,71.4748],[51.4558,72.0149],[52.4783,72.2294],[52.4442,72.7747],[54.4276,73.6275],[53.5083,73.7498]]],[[[142.9146,53.7046],[143.2608,52.7408],[143.2353,51.7567],[143.648,50.7476],[144.6541,48.9764],[143.1739,49.3066],[142.5587,47.8616],[143.5335,46.8367],[143.5053,46.1379],[142.7477,46.7408],[142.092,45.9668],[141.9069,46.8059],[142.0184,47.7801],[141.9044,48.8592],[142.1358,49.6152],[142.18,50.9523],[141.5941,51.9354],[141.6825,53.302],[142.6069,53.7621],[142.2097,54.2255],[142.6548,54.3659],[142.9146,53.7046]]],[[[-174.9282,67.2059],[-175.0143,66.5844],[-174.3398,66.3356],[-174.5718,67.0622],[-171.8573,66.9131],[-169.8996,65.9772],[-170.8911,65.5414],[-172.5302,65.4379],[-172.555,64.4608],[-172.9553,64.2527],[-173.8918,64.2826],[-174.6539,64.6312],[-175.9835,64.9229],[-176.2072,65.3567],[-177.2227,65.5202],[-178.3599,65.3905],[-178.9033,65.7404],[-178.6861,66.1121],[-179.8838,65.8746],[-179.4327,65.4041],[-180,64.9797],[-180,68.9636],[-177.55,68.2],[-174.9282,67.2059]]],[[[-178.6938,70.893],[-180,70.8322],[-180,71.5157],[-179.8719,71.5576],[-179.0243,71.5555],[-177.5779,71.2695],[-177.6636,71.1328],[-178.6938,70.893]]],[[[33.436,45.9719],[33.6995,46.2196],[34.732,45.9657],[35.0208,45.6512],[35.51,45.41],[36.53,45.47],[36.3347,45.1132],[35.24,44.94],[33.8825,44.3615],[33.3264,44.5649],[33.5469,45.0348],[32.4542,45.3275],[32.6308,45.5192],[33.5882,45.8516],[33.436,45.9719]]]]}},{"type":"Feature","properties":{"ADM0_A3":"BHS","MAPCOLOR7":1},"bbox":[-78.98,23.71,-77,27.04],"geometry":{"type":"MultiPolygon","coordinates":[[[[-78.98,26.79],[-78.51,26.87],[-77.85,26.84],[-77.82,26.58],[-78.91,26.42],[-78.98,26.79]]],[[[-77.79,27.04],[-77,26.59],[-77.1726,25.8792],[-77.3564,26.0073],[-77.34,26.53],[-77.788,26.9252],[-77.79,27.04]]],[[[-78.1909,25.2103],[-77.89,25.17],[-77.54,24.34],[-77.5347,23.7598],[-77.78,23.71],[-78.034,24.2861],[-78.4085,24.5756],[-78.1909,25.2103]]]]}},{"type":"Feature","properties":{"ADM0_A3":"FLK","MAPCOLOR7":6},"bbox":[-61.2,-52.3,-57.75,-51.1],"geometry":{"type":"Polygon","coordinates":[[[-61.2,-51.85],[-60,-51.25],[-59.15,-51.5],[-58.55,-51.1],[-57.75,-51.55],[-58.05,-51.9],[-59.4,-52.2],[-59.85,-51.85],[-60.7,-52.3],[-61.2,-51.85]]]}},{"type":"Feature","properties":{"ADM0_A3":"NOR","MAPCOLOR7":5},"bbox":[4.992078,58.078884,31.293418,80.657144],"geometry":{"type":"MultiPolygon","coordinates":[[[[15.1428,79.6743],[15.5226,80.0161],[16.9908,80.0509],[21.5438,78.9561],[19.0274,78.5626],[18.4717,77.8267],[17.5944,77.638],[17.1182,76.8094],[15.9131,76.7704],[13.7626,77.3804],[14.6696,77.7357],[13.1706,78.0249],[11.2223,78.8693],[10.4445,79.6524],[13.1708,80.0105],[13.7185,79.6604],[15.1428,79.6743]]],[[[31.101,69.5581],[28.5919,69.0648],[29.0156,69.7665],[27.7323,70.1642],[26.1796,69.8253],[25.6892,69.0921],[24.7357,68.6496],[23.6621,68.8912],[22.3562,68.8417],[21.2449,69.3704],[20.6456,69.1062],[20.0253,69.0651],[19.8786,68.4072],[17.9939,68.5674],[17.7292,68.0106],[16.7689,68.0139],[15.1084,66.1939],[13.5557,64.787],[13.9199,64.4454],[13.5719,64.0491],[12.5799,64.0662],[11.9306,63.1283],[11.9921,61.8004],[12.6311,61.2936],[12.3004,60.1179],[11.4683,59.4324],[11.0274,58.8561],[10.3566,59.4698],[8.382,58.3133],[7.0487,58.0789],[5.6658,58.5882],[5.3082,59.6632],[4.9921,61.971],[5.9129,62.6145],[8.5534,63.454],[10.5277,64.486],[14.7611,67.8106],[19.184,69.8174],[21.3784,70.2552],[23.0237,70.2021],[24.5465,71.0305],[26.37,70.9863],[28.1655,71.1855],[31.2934,70.4538],[30.0054,70.1863],[31.101,69.5581]]],[[[27.4075,80.0564],[25.9247,79.5178],[23.0245,79.4],[20.0752,79.5668],[19.8973,79.8424],[18.4623,79.8599],[17.368,80.3189],[20.456,80.5982],[21.9079,80.3577],[22.9193,80.6571],[25.4476,80.4073],[27.4075,80.0564]]],[[[24.7241,77.8538],[22.4903,77.4449],[20.726,77.677],[21.4161,77.935],[20.8119,78.2546],[22.8843,78.4549],[23.2813,78.0795],[24.7241,77.8538]]]]}},{"type":"Feature","properties":{"ADM0_A3":"GRL","MAPCOLOR7":4},"bbox":[-73.297,60.03676,-12.20855,83.64513],"geometry":{"type":"Polygon","coordinates":[[[-46.7638,82.628],[-43.4064,83.2252],[-39.8975,83.1802],[-38.6221,83.549],[-35.0879,83.6451],[-27.1005,83.5197],[-20.8454,82.7267],[-22.6918,82.3417],[-31.9,82.2],[-31.3965,82.0215],[-27.8567,82.1318],[-24.8445,81.787],[-22.9033,82.0932],[-22.0718,81.7345],[-23.1696,81.1527],[-20.6236,81.5246],[-15.7682,81.9125],[-12.7702,81.7189],[-12.2086,81.2915],[-16.2853,80.58],[-16.85,80.35],[-20.0462,80.1771],[-17.7304,80.1291],[-19.705,78.7513],[-19.6735,77.6386],[-18.4729,76.9857],[-20.035,76.9443],[-21.6794,76.6279],[-19.8341,76.0981],[-19.599,75.2484],[-20.6682,75.1559],[-19.3728,74.2956],[-21.5942,74.2238],[-20.4345,73.8171],[-20.7623,73.4644],[-22.1722,73.3096],[-23.5659,73.3066],[-22.3131,72.6293],[-22.2995,72.1841],[-24.2783,72.5979],[-24.793,72.3302],[-23.443,72.0802],[-22.1328,71.469],[-21.7536,70.6637],[-23.536,70.471],[-25.5434,71.4309],[-25.2014,70.7523],[-26.3628,70.2265],[-22.349,70.1295],[-27.7474,68.4705],[-30.6737,68.125],[-31.7767,68.1208],[-32.8111,67.7355],[-34.202,66.6797],[-36.3528,65.9789],[-39.8122,65.4585],[-40.669,64.84],[-40.6828,64.139],[-41.1887,63.4825],[-42.8194,62.6823],[-42.4167,61.9009],[-43.3784,60.0977],[-44.7875,60.0368],[-46.2636,60.8533],[-48.2629,60.8584],[-49.2331,61.4068],[-49.9004,62.3834],[-51.6332,63.6269],[-52.1401,64.2784],[-52.2766,65.1767],[-53.6617,66.0996],[-53.3016,66.8365],[-53.9691,67.189],[-52.9804,68.3576],[-51.4754,68.7296],[-51.0804,69.1478],[-50.8712,69.9291],[-52.5579,69.4262],[-53.4563,69.2836],[-54.6834,69.61],[-54.75,70.2893],[-54.3588,70.8213],[-53.4313,70.8358],[-51.3901,70.5698],[-54.0042,71.5472],[-55,71.4065],[-55.8347,71.6544],[-54.7182,72.5863],[-55.3263,72.9586],[-57.3236,74.7103],[-58.5968,75.0986],[-58.5852,75.5173],[-61.2686,76.1024],[-63.3916,76.1752],[-68.5044,76.0614],[-71.4026,77.0086],[-68.7767,77.3231],[-66.764,77.376],[-71.0429,77.6359],[-73.297,78.0442],[-73.1594,78.4327],[-65.7107,79.3944],[-65.3239,79.7581],[-68.023,80.1172],[-67.1513,80.5158],[-63.6893,81.214],[-62.2344,81.3211],[-62.6512,81.7704],[-60.2825,82.0336],[-57.2074,82.1907],[-54.1344,82.1996],[-53.0433,81.8883],[-50.3906,82.4388],[-44.523,81.6607],[-46.9007,82.1998],[-46.7638,82.628]]]}},{"type":"Feature","properties":{"ADM0_A3":"ATF","MAPCOLOR7":7},"bbox":[68.72,-49.775,70.56,-48.625],"geometry":{"type":"Polygon","coordinates":[[[68.935,-48.625],[69.58,-48.94],[70.525,-49.065],[70.56,-49.255],[70.28,-49.71],[68.745,-49.775],[68.72,-49.2425],[68.8675,-48.83],[68.935,-48.625]]]}},{"type":"Feature","properties":{"ADM0_A3":"TLS","MAPCOLOR7":2},"bbox":[124.968682,-9.393173,127.335928,-8.273345],"geometry":{"type":"Polygon","coordinates":[[[124.9687,-8.8928],[125.0862,-8.6569],[125.9471,-8.4321],[126.9572,-8.2733],[127.3359,-8.3973],[126.968,-8.6683],[125.0885,-9.3932],[124.9687,-8.8928]]]}},{"type":"Feature","properties":{"ADM0_A3":"ZAF","MAPCOLOR7":2},"bbox":[16.344977,-34.819166,32.83012,-22.091313],"geometry":{"type":"Polygon","coordinates":[[[16.345,-28.5767],[16.824,-28.0822],[17.2189,-28.3559],[17.3875,-28.7835],[18.4649,-29.0455],[19.0021,-28.9724],[19.8947,-28.4611],[19.8958,-24.7678],[20.1657,-24.918],[20.7586,-25.8681],[20.6665,-26.4775],[20.8896,-26.8285],[21.6059,-26.7265],[22.5795,-25.9794],[22.8243,-25.5005],[23.3121,-25.2687],[24.2113,-25.6702],[25.0252,-25.7197],[25.6647,-25.4868],[25.9417,-24.6964],[26.4858,-24.6163],[27.1194,-23.5743],[28.0172,-22.8278],[29.4322,-22.0913],[30.3229,-22.2716],[30.6599,-22.1516],[31.1914,-22.2515],[31.9306,-24.3694],[31.7524,-25.4843],[31.8378,-25.8433],[31.3332,-25.6602],[31.0441,-25.7315],[30.6766,-26.3981],[30.686,-26.7438],[31.2828,-27.2859],[31.8681,-27.1779],[32.0717,-26.7338],[32.8301,-26.7422],[32.5803,-27.4702],[32.4621,-28.301],[32.2034,-28.7524],[31.3256,-29.402],[30.0557,-31.1403],[28.2198,-32.772],[27.4646,-33.227],[26.4195,-33.615],[25.9097,-33.667],[25.7806,-33.9446],[25.1729,-33.7969],[24.6779,-33.9872],[23.594,-33.7945],[22.9882,-33.9164],[22.5742,-33.8641],[21.5428,-34.2588],[20.6891,-34.4172],[20.0713,-34.7951],[19.6164,-34.8192],[19.1933,-34.4626],[18.8553,-34.4443],[18.4246,-33.9979],[18.3774,-34.1365],[18.2445,-33.8678],[18.2501,-33.2814],[17.9252,-32.6113],[18.2479,-32.4291],[18.2218,-31.6616],[16.345,-28.5767]],[[28.9783,-28.9556],[28.5417,-28.6475],[28.0743,-28.8515],[27.5325,-29.2427],[26.9993,-29.876],[27.7494,-30.6451],[28.1072,-30.5457],[28.2911,-30.2262],[28.8484,-30.0701],[29.3252,-29.2574],[28.9783,-28.9556]]]}},{"type":"Feature","properties":{"ADM0_A3":"LSO","MAPCOLOR7":1},"bbox":[26.999262,-30.645106,29.325166,-28.647502],"geometry":{"type":"Polygon","coordinates":[[[28.9783,-28.9556],[29.3252,-29.2574],[28.8484,-30.0701],[28.2911,-30.2262],[28.1072,-30.5457],[27.7494,-30.6451],[26.9993,-29.876],[27.5325,-29.2427],[28.0743,-28.8515],[28.5417,-28.6475],[28.9783,-28.9556]]]}},{"type":"Feature","properties":{"ADM0_A3":"MEX","MAPCOLOR7":6},"bbox":[-117.12776,14.538829,-86.811982,32.72083],"geometry":{"type":"Polygon","coordinates":[[[-117.1278,32.5353],[-114.7214,32.7208],[-114.815,32.5253],[-111.0236,31.3347],[-108.2419,31.3422],[-108.24,31.7549],[-106.5076,31.7545],[-105.0374,30.644],[-104.457,29.572],[-103.94,29.27],[-103.11,28.97],[-102.48,29.76],[-101.6624,29.7793],[-100.9576,29.3807],[-100.11,28.11],[-99.52,27.54],[-99.02,26.37],[-97.53,25.84],[-97.14,25.87],[-97.7029,24.2723],[-97.8724,22.4442],[-97.389,21.411],[-97.1893,20.6354],[-96.5256,19.8909],[-96.2921,19.3204],[-95.9009,18.828],[-94.8391,18.5627],[-94.4257,18.1444],[-91.4079,18.8761],[-90.7719,19.2841],[-90.5336,19.8674],[-90.4515,20.7075],[-90.2786,20.9999],[-88.5439,21.4937],[-87.0519,21.5435],[-86.812,21.3315],[-86.8459,20.8499],[-87.3833,20.2554],[-87.6211,19.6466],[-87.4368,19.4724],[-87.8372,18.2598],[-88.0907,18.5166],[-88.4901,18.4868],[-88.8483,17.8832],[-89.0299,18.0015],[-89.1509,17.9555],[-89.1431,17.8083],[-91.0015,17.8176],[-91.0023,17.2547],[-91.4539,17.2522],[-90.4389,16.4101],[-90.4645,16.0696],[-91.748,16.0666],[-92.2292,15.2514],[-92.0872,15.0646],[-92.2278,14.5388],[-93.3595,15.6154],[-93.8752,15.9402],[-94.6917,16.201],[-95.2502,16.1283],[-96.0534,15.7521],[-96.5574,15.6535],[-100.8295,17.1711],[-101.6661,17.649],[-101.9185,17.9161],[-103.501,18.2923],[-103.9175,18.7486],[-104.992,19.3161],[-105.493,19.9468],[-105.7314,20.4341],[-105.3978,20.5317],[-105.5007,20.8169],[-105.2708,21.0763],[-105.2658,21.4221],[-106.0287,22.7738],[-106.91,23.7678],[-107.9154,24.5489],[-108.4019,25.1723],[-109.2602,25.5806],[-109.4441,25.8249],[-109.2916,26.4429],[-109.8015,26.6762],[-110.3917,27.1621],[-110.641,27.8599],[-111.1789,27.9412],[-112.2282,28.9544],[-112.2718,29.2668],[-112.8096,30.0211],[-113.1638,30.7869],[-113.1487,31.171],[-113.8719,31.5676],[-114.2057,31.524],[-114.7765,31.7995],[-114.9367,31.3935],[-114.6739,30.1627],[-113.272,28.7548],[-113.14,28.4113],[-112.9623,28.4252],[-112.7616,27.7802],[-111.6165,26.6628],[-111.2847,25.7326],[-110.71,24.826],[-110.655,24.2986],[-110.1729,24.2655],[-109.4091,23.3647],[-109.4334,23.1856],[-109.8542,22.8183],[-110.0314,22.8231],[-110.2951,23.431],[-110.9495,24.001],[-112.182,24.7384],[-112.149,25.4701],[-112.3007,26.012],[-113.4647,26.7682],[-113.5967,26.6395],[-113.8489,26.9001],[-114.4657,27.1421],[-115.0551,27.7227],[-114.5704,27.7415],[-114.1993,28.115],[-114.162,28.5661],[-114.9318,29.2795],[-115.5187,29.5564],[-117.1278,32.5353]]]}},{"type":"Feature","properties":{"ADM0_A3":"URY","MAPCOLOR7":1},"bbox":[-58.427074,-34.952647,-53.209589,-30.109686],"geometry":{"type":"Polygon","coordinates":[[[-57.6251,-30.2163],[-56.976,-30.1097],[-55.9732,-30.8831],[-55.6015,-30.8539],[-53.788,-32.0472],[-53.2096,-32.7277],[-53.6505,-33.202],[-53.3737,-33.7684],[-53.8064,-34.3968],[-54.9359,-34.9526],[-55.6741,-34.7527],[-56.2153,-34.8598],[-57.1397,-34.4305],[-57.8179,-34.4625],[-58.4271,-33.9095],[-58.3496,-33.2632],[-58.1326,-33.0406],[-58.1424,-32.0445],[-57.6251,-30.2163]]]}},{"type":"Feature","properties":{"ADM0_A3":"BRA","MAPCOLOR7":5},"bbox":[-73.987235,-33.768378,-34.729993,5.244486],"geometry":{"type":"Polygon","coordinates":[[[-53.3737,-33.7684],[-53.6505,-33.202],[-53.2096,-32.7277],[-53.788,-32.0472],[-55.6015,-30.8539],[-55.9732,-30.8831],[-56.976,-30.1097],[-57.6251,-30.2163],[-55.1623,-27.8819],[-53.6487,-26.9235],[-53.6283,-26.1249],[-54.13,-25.5476],[-54.6253,-25.7393],[-54.2935,-24.5708],[-54.293,-24.021],[-54.6528,-23.8396],[-55.0279,-24.0013],[-55.4007,-23.9569],[-55.6107,-22.6556],[-55.798,-22.3569],[-56.4733,-22.0863],[-56.8815,-22.2822],[-57.9372,-22.0902],[-57.8707,-20.7327],[-58.1664,-20.1767],[-57.8538,-19.97],[-57.95,-19.4],[-57.676,-18.9618],[-57.4984,-18.1742],[-57.7346,-17.5525],[-58.2808,-17.2717],[-58.3881,-16.8771],[-58.2412,-16.2996],[-60.1584,-16.2583],[-60.543,-15.0939],[-60.2511,-15.0772],[-60.5033,-13.776],[-61.0841,-13.4794],[-61.7132,-13.4892],[-62.1271,-13.1988],[-62.8031,-13.0007],[-63.1965,-12.627],[-64.3164,-12.462],[-65.4023,-11.5663],[-65.3219,-10.8959],[-65.4448,-10.5115],[-65.3384,-9.762],[-66.6469,-9.9313],[-68.0482,-10.7121],[-68.2713,-11.0145],[-69.5297,-10.9517],[-70.0938,-11.124],[-70.5487,-11.0091],[-70.4819,-9.4901],[-71.3024,-10.0794],[-72.1849,-10.0536],[-72.563,-9.5202],[-73.2267,-9.4622],[-73.0154,-9.0328],[-73.5711,-8.4244],[-73.9872,-7.5238],[-73.7234,-7.341],[-73.7245,-6.9186],[-73.12,-6.6299],[-73.2197,-6.0892],[-72.9645,-5.7413],[-72.8919,-5.2746],[-71.7484,-4.594],[-70.9288,-4.4016],[-70.7948,-4.2513],[-69.8936,-4.2982],[-69.4205,-1.1226],[-69.5771,-0.55],[-70.0207,-0.1852],[-70.0156,0.5414],[-69.4524,0.7062],[-69.2524,0.6027],[-69.2186,0.9857],[-69.8046,1.0891],[-69.817,1.7148],[-67.8686,1.6925],[-67.5378,2.0372],[-67.26,1.72],[-67.065,1.1301],[-66.8763,1.2534],[-66.3258,0.7245],[-65.5483,0.7893],[-65.3547,1.0953],[-64.1993,1.4929],[-64.0831,1.9164],[-63.3688,2.2009],[-63.4229,2.4111],[-64.27,2.497],[-64.4088,3.1268],[-64.3685,3.7972],[-64.8161,4.0564],[-64.6287,4.1485],[-63.0932,3.7706],[-62.8045,4.007],[-60.9669,4.5365],[-60.6012,4.9181],[-60.7336,5.2003],[-60.2137,5.2445],[-59.981,5.0141],[-60.111,4.575],[-59.7674,4.4235],[-59.538,3.9588],[-59.8154,3.6065],[-59.9745,2.7552],[-59.7185,2.2496],[-59.646,1.7869],[-59.0309,1.3177],[-58.54,1.2681],[-58.4295,1.4639],[-57.661,1.6826],[-57.3358,1.9485],[-55.9957,1.8177],[-55.9056,2.022],[-56.0733,2.2208],[-55.9733,2.5104],[-55.5698,2.4215],[-55.0976,2.5237],[-54.0881,2.1056],[-53.7785,2.3767],[-53.5548,2.3349],[-53.4185,2.0534],[-52.9397,2.1249],[-52.5564,2.5047],[-52.2493,3.2411],[-51.6578,4.1562],[-51.3171,4.2035],[-50.5089,1.9016],[-49.9741,1.7365],[-49.9471,1.0462],[-50.6993,0.223],[-50.3882,-0.0784],[-48.6206,-0.2355],[-48.5845,-1.2378],[-47.825,-0.5816],[-44.9057,-1.5517],[-44.4176,-2.1378],[-44.5816,-2.6913],[-43.4188,-2.3831],[-41.4727,-2.912],[-39.9787,-2.8731],[-38.5004,-3.7007],[-37.2233,-4.8209],[-36.4529,-5.1094],[-35.5978,-5.1495],[-35.2354,-5.4649],[-34.73,-7.3432],[-35.1282,-8.9964],[-35.637,-9.6493],[-37.0465,-11.0407],[-37.6836,-12.1712],[-38.4239,-13.0381],[-38.6739,-13.0577],[-38.9533,-13.7934],[-38.8823,-15.6671],[-39.2673,-17.8677],[-39.5835,-18.2623],[-39.7608,-19.5991],[-40.7747,-20.9045],[-40.9448,-21.9373],[-41.7542,-22.3707],[-41.9883,-22.9701],[-43.0747,-22.9677],[-44.6478,-23.352],[-45.3521,-23.7968],[-46.4721,-24.089],[-47.649,-24.8852],[-48.4955,-25.877],[-48.641,-26.6237],[-48.4747,-27.1759],[-48.6615,-28.1861],[-48.8885,-28.6741],[-49.5873,-29.2245],[-50.6969,-30.9845],[-52.2561,-32.2454],[-52.7121,-33.1966],[-53.3737,-33.7684]]]}},{"type":"Feature","properties":{"ADM0_A3":"BOL","MAPCOLOR7":1},"bbox":[-69.590424,-22.872919,-57.498371,-9.761988],"geometry":{"type":"Polygon","coordinates":[[[-69.5297,-10.9517],[-68.2713,-11.0145],[-68.0482,-10.7121],[-66.6469,-9.9313],[-65.3384,-9.762],[-65.4448,-10.5115],[-65.3219,-10.8959],[-65.4023,-11.5663],[-64.3164,-12.462],[-63.1965,-12.627],[-62.8031,-13.0007],[-62.1271,-13.1988],[-61.7132,-13.4892],[-61.0841,-13.4794],[-60.5033,-13.776],[-60.2511,-15.0772],[-60.543,-15.0939],[-60.1584,-16.2583],[-58.2412,-16.2996],[-58.3881,-16.8771],[-58.2808,-17.2717],[-57.7346,-17.5525],[-57.4984,-18.1742],[-57.676,-18.9618],[-57.95,-19.4],[-57.8538,-19.97],[-58.1664,-20.1767],[-58.1835,-19.8684],[-59.115,-19.3569],[-60.0436,-19.3427],[-61.7863,-19.6337],[-62.266,-20.5137],[-62.2912,-21.0516],[-62.6851,-22.249],[-62.8465,-22.035],[-63.9868,-21.9936],[-64.377,-22.7981],[-64.9649,-22.0759],[-66.2733,-21.8323],[-67.1067,-22.7359],[-67.8282,-22.8729],[-68.2199,-21.4943],[-68.7572,-20.3727],[-68.4422,-19.4051],[-68.9668,-18.9817],[-69.1002,-18.2601],[-69.5904,-17.58],[-68.9596,-16.5007],[-69.3898,-15.6601],[-69.1603,-15.324],[-69.3395,-14.9532],[-68.9489,-14.4536],[-68.8801,-12.8997],[-68.6651,-12.5613],[-69.5297,-10.9517]]]}},{"type":"Feature","properties":{"ADM0_A3":"PER","MAPCOLOR7":4},"bbox":[-81.410943,-18.347975,-68.66508,-0.057205],"geometry":{"type":"Polygon","coordinates":[[[-69.8936,-4.2982],[-70.7948,-4.2513],[-70.9288,-4.4016],[-71.7484,-4.594],[-72.8919,-5.2746],[-72.9645,-5.7413],[-73.2197,-6.0892],[-73.12,-6.6299],[-73.7245,-6.9186],[-73.7234,-7.341],[-73.9872,-7.5238],[-73.5711,-8.4244],[-73.0154,-9.0328],[-73.2267,-9.4622],[-72.563,-9.5202],[-72.1849,-10.0536],[-71.3024,-10.0794],[-70.4819,-9.4901],[-70.5487,-11.0091],[-70.0938,-11.124],[-69.5297,-10.9517],[-68.6651,-12.5613],[-68.8801,-12.8997],[-68.9489,-14.4536],[-69.3395,-14.9532],[-69.1603,-15.324],[-69.3898,-15.6601],[-68.9596,-16.5007],[-69.8584,-18.0927],[-70.3726,-18.348],[-71.3752,-17.7738],[-71.462,-17.3635],[-73.4445,-16.3594],[-75.2379,-15.2657],[-76.0092,-14.6493],[-76.4235,-13.8232],[-76.2592,-13.535],[-77.1062,-12.2227],[-79.037,-8.3866],[-79.4459,-7.9308],[-79.7606,-7.1943],[-80.5375,-6.5417],[-81.25,-6.1368],[-80.9263,-5.6906],[-81.4109,-4.7368],[-81.0997,-4.0364],[-80.3026,-3.4049],[-80.184,-3.8212],[-80.4693,-4.0593],[-80.4422,-4.4257],[-80.0289,-4.3461],[-79.625,-4.4542],[-79.2053,-4.9591],[-78.6399,-4.5478],[-78.4507,-3.8731],[-77.8379,-3.003],[-76.6354,-2.6087],[-75.545,-1.5616],[-75.2337,-0.9114],[-75.3732,-0.152],[-75.1066,-0.0572],[-74.4416,-0.5308],[-74.1224,-1.0028],[-73.6595,-1.2605],[-73.0704,-2.309],[-72.3258,-2.4342],[-71.7748,-2.1698],[-71.4136,-2.3428],[-70.8135,-2.2569],[-70.0477,-2.7252],[-70.6927,-3.7429],[-70.394,-3.7666],[-69.8936,-4.2982]]]}},{"type":"Feature","properties":{"ADM0_A3":"COL","MAPCOLOR7":2},"bbox":[-78.990935,-4.298187,-66.876326,12.437303],"geometry":{"type":"Polygon","coordinates":[[[-66.8763,1.2534],[-67.065,1.1301],[-67.26,1.72],[-67.5378,2.0372],[-67.8686,1.6925],[-69.817,1.7148],[-69.8046,1.0891],[-69.2186,0.9857],[-69.2524,0.6027],[-69.4524,0.7062],[-70.0156,0.5414],[-70.0207,-0.1852],[-69.5771,-0.55],[-69.4205,-1.1226],[-69.8936,-4.2982],[-70.394,-3.7666],[-70.6927,-3.7429],[-70.0477,-2.7252],[-70.8135,-2.2569],[-71.4136,-2.3428],[-71.7748,-2.1698],[-72.3258,-2.4342],[-73.0704,-2.309],[-73.6595,-1.2605],[-74.1224,-1.0028],[-74.4416,-0.5308],[-75.1066,-0.0572],[-75.3732,-0.152],[-76.2923,0.416],[-76.5764,0.2569],[-77.425,0.3957],[-77.6686,0.8259],[-77.8551,0.8099],[-78.8553,1.3809],[-78.9909,1.6914],[-78.6178,1.7664],[-78.6621,2.2674],[-78.4276,2.6296],[-77.9315,2.6966],[-77.1277,3.8496],[-77.4963,4.0876],[-77.3076,4.668],[-77.5332,5.5828],[-77.3188,5.8454],[-77.4767,6.6911],[-77.8816,7.2238],[-77.7534,7.7098],[-77.4311,7.6381],[-77.2426,7.9353],[-77.4747,8.5243],[-77.3534,8.6705],[-76.8367,8.6387],[-76.0864,9.3368],[-75.6746,9.4432],[-75.4804,10.619],[-74.9069,11.083],[-74.2768,11.102],[-74.1972,11.3105],[-73.4148,11.227],[-72.2382,11.9556],[-71.7541,12.4373],[-71.3998,12.376],[-71.1375,12.113],[-71.3316,11.7763],[-71.9739,11.6087],[-72.2276,11.1087],[-72.9053,10.4503],[-73.0276,9.7368],[-73.305,9.152],[-72.7887,9.085],[-72.6605,8.6253],[-72.4399,8.4053],[-72.3609,8.0026],[-72.4445,7.4238],[-72.1984,7.3404],[-71.9602,6.9916],[-70.6742,7.0878],[-70.0933,6.9604],[-69.3895,6.0999],[-67.6951,6.2673],[-67.3414,6.0955],[-67.7447,5.2211],[-67.823,4.5039],[-67.6218,3.8395],[-67.3376,3.5423],[-67.3032,3.3185],[-67.8099,2.8207],[-67.4471,2.6003],[-67.1813,2.2506],[-66.8763,1.2534]]]}},{"type":"Feature","properties":{"ADM0_A3":"PAN","MAPCOLOR7":4},"bbox":[-82.965783,7.220541,-77.242566,9.61161],"geometry":{"type":"Polygon","coordinates":[[[-77.3534,8.6705],[-77.4747,8.5243],[-77.2426,7.9353],[-77.4311,7.6381],[-77.7534,7.7098],[-77.8816,7.2238],[-78.2149,7.5123],[-78.4292,8.052],[-78.1821,8.3192],[-78.4355,8.3877],[-78.6221,8.7181],[-79.1203,8.9961],[-79.5579,8.9324],[-79.7606,8.5845],[-80.3827,8.2984],[-80.4807,8.0903],[-80.0037,7.5475],[-80.4212,7.2716],[-80.8864,7.2205],[-81.0595,7.8179],[-81.1897,7.6479],[-81.5195,7.7066],[-81.7213,8.109],[-82.8201,8.2909],[-82.851,8.0738],[-82.9658,8.225],[-82.8687,8.8073],[-82.7192,8.9257],[-82.9272,9.0743],[-82.9329,9.4768],[-82.5462,9.5661],[-82.1871,9.2074],[-82.2076,8.9956],[-81.7142,9.032],[-81.4393,8.7862],[-80.9473,8.8585],[-79.9146,9.3128],[-79.5733,9.6116],[-79.0212,9.5529],[-79.0584,9.4546],[-78.5009,9.4205],[-78.0559,9.2477],[-77.3534,8.6705]]]}},{"type":"Feature","properties":{"ADM0_A3":"CRI","MAPCOLOR7":3},"bbox":[-85.941725,8.225028,-82.546196,11.217119],"geometry":{"type":"Polygon","coordinates":[[[-82.5462,9.5661],[-82.9329,9.4768],[-82.9272,9.0743],[-82.7192,8.9257],[-82.8687,8.8073],[-82.9658,8.225],[-83.5084,8.4469],[-83.7115,8.6568],[-83.5963,8.8304],[-83.6326,9.0514],[-84.6476,9.6155],[-84.7134,9.9081],[-84.9757,10.0867],[-84.9114,9.796],[-85.1109,9.557],[-85.3395,9.8345],[-85.6608,9.9333],[-85.7974,10.1349],[-85.6593,10.7543],[-85.9417,10.8953],[-85.5619,11.2171],[-84.903,10.9523],[-84.6731,11.0827],[-84.3559,10.9992],[-84.1902,10.7934],[-83.8951,10.7268],[-83.6556,10.9388],[-83.4023,10.3954],[-82.5462,9.5661]]]}},{"type":"Feature","properties":{"ADM0_A3":"NIC","MAPCOLOR7":1},"bbox":[-87.668493,10.726839,-83.147219,15.016267],"geometry":{"type":"Polygon","coordinates":[[[-83.6556,10.9388],[-83.8951,10.7268],[-84.6731,11.0827],[-84.903,10.9523],[-85.5619,11.2171],[-85.7125,11.0884],[-87.6685,12.9099],[-87.5575,13.0646],[-87.3924,12.914],[-87.0058,13.0258],[-86.8806,13.2542],[-86.7338,13.2631],[-86.7551,13.7548],[-86.3121,13.7714],[-86.0963,14.0382],[-85.8013,13.8361],[-85.1654,14.3544],[-85.1488,14.5602],[-84.9245,14.7905],[-84.4493,14.6216],[-83.49,15.0163],[-83.1472,14.9958],[-83.2842,14.6766],[-83.1821,14.3107],[-83.5198,13.5677],[-83.4733,12.4191],[-83.6261,12.3209],[-83.7196,11.8931],[-83.6509,11.629],[-83.8555,11.3733],[-83.6556,10.9388]]]}},{"type":"Feature","properties":{"ADM0_A3":"HND","MAPCOLOR7":2},"bbox":[-89.353326,12.984686,-83.147219,16.005406],"geometry":{"type":"Polygon","coordinates":[[[-83.1472,14.9958],[-83.49,15.0163],[-84.4493,14.6216],[-84.9245,14.7905],[-85.1488,14.5602],[-85.1654,14.3544],[-85.8013,13.8361],[-86.0963,14.0382],[-86.3121,13.7714],[-86.7551,13.7548],[-86.7338,13.2631],[-86.8806,13.2542],[-87.0058,13.0258],[-87.3167,12.9847],[-87.4894,13.2975],[-87.7931,13.3845],[-87.7235,13.7851],[-87.8595,13.8933],[-88.0653,13.9646],[-88.504,13.8455],[-88.5412,13.9802],[-89.0585,14.34],[-89.3533,14.4241],[-89.1455,14.678],[-89.1548,15.0664],[-87.9018,15.8645],[-86.9032,15.7567],[-86.4409,15.7828],[-86.002,16.0054],[-85.444,15.8857],[-84.9837,15.9959],[-84.3683,15.8352],[-83.4104,15.2709],[-83.1472,14.9958]]]}},{"type":"Feature","properties":{"ADM0_A3":"SLV","MAPCOLOR7":1},"bbox":[-90.095555,13.149017,-87.723503,14.424133],"geometry":{"type":"Polygon","coordinates":[[[-89.3533,14.4241],[-89.0585,14.34],[-88.5412,13.9802],[-88.504,13.8455],[-88.0653,13.9646],[-87.7235,13.7851],[-87.9041,13.149],[-88.8432,13.2597],[-89.2567,13.4585],[-89.8124,13.5206],[-90.0956,13.7353],[-90.0647,13.882],[-89.5342,14.2448],[-89.5873,14.3626],[-89.3533,14.4241]]]}},{"type":"Feature","properties":{"ADM0_A3":"GTM","MAPCOLOR7":3},"bbox":[-92.229249,13.735338,-88.225023,17.819326],"geometry":{"type":"Polygon","coordinates":[[[-92.2278,14.5388],[-92.0872,15.0646],[-92.2292,15.2514],[-91.748,16.0666],[-90.4645,16.0696],[-90.4389,16.4101],[-91.4539,17.2522],[-91.0023,17.2547],[-91.0015,17.8176],[-89.1431,17.8083],[-89.2291,15.8869],[-88.9306,15.8873],[-88.6046,15.7064],[-88.5184,15.8554],[-88.225,15.7277],[-89.1548,15.0664],[-89.1455,14.678],[-89.3533,14.4241],[-89.5873,14.3626],[-89.5342,14.2448],[-90.0647,13.882],[-90.0956,13.7353],[-90.6086,13.9098],[-91.2324,13.9278],[-92.2278,14.5388]]]}},{"type":"Feature","properties":{"ADM0_A3":"BLZ","MAPCOLOR7":1},"bbox":[-89.229122,15.886938,-88.106813,18.499982],"geometry":{"type":"Polygon","coordinates":[[[-89.1431,17.8083],[-89.1509,17.9555],[-89.0299,18.0015],[-88.8483,17.8832],[-88.4901,18.4868],[-88.3,18.5],[-88.2963,18.3533],[-88.1068,18.3487],[-88.2854,17.6441],[-88.1979,17.4895],[-88.3554,16.5308],[-88.5518,16.2655],[-88.7324,16.2336],[-88.9306,15.8873],[-89.2291,15.8869],[-89.1431,17.8083]]]}},{"type":"Feature","properties":{"ADM0_A3":"VEN","MAPCOLOR7":1},"bbox":[-73.304952,0.724452,-59.758285,12.162307],"geometry":{"type":"Polygon","coordinates":[[[-60.7336,5.2003],[-60.6012,4.9181],[-60.9669,4.5365],[-62.8045,4.007],[-63.0932,3.7706],[-64.6287,4.1485],[-64.8161,4.0564],[-64.3685,3.7972],[-64.4088,3.1268],[-64.27,2.497],[-63.4229,2.4111],[-63.3688,2.2009],[-64.0831,1.9164],[-64.1993,1.4929],[-65.3547,1.0953],[-65.5483,0.7893],[-66.3258,0.7245],[-66.8763,1.2534],[-67.1813,2.2506],[-67.4471,2.6003],[-67.8099,2.8207],[-67.3032,3.3185],[-67.3376,3.5423],[-67.6218,3.8395],[-67.823,4.5039],[-67.7447,5.2211],[-67.3414,6.0955],[-67.6951,6.2673],[-69.3895,6.0999],[-70.0933,6.9604],[-70.6742,7.0878],[-71.9602,6.9916],[-72.1984,7.3404],[-72.4445,7.4238],[-72.3609,8.0026],[-72.4399,8.4053],[-72.6605,8.6253],[-72.7887,9.085],[-73.305,9.152],[-73.0276,9.7368],[-72.9053,10.4503],[-72.2276,11.1087],[-71.9739,11.6087],[-71.3316,11.7763],[-71.36,11.54],[-71.9471,11.4233],[-71.6209,10.9695],[-71.6331,10.4465],[-72.0742,9.8657],[-71.6956,9.0723],[-71.2646,9.1372],[-71.04,9.86],[-71.3501,10.2119],[-71.4006,10.969],[-70.1553,11.3755],[-70.2938,11.8468],[-69.9432,12.1623],[-69.5843,11.4596],[-68.883,11.4434],[-68.2333,10.8857],[-68.1941,10.5547],[-66.2279,10.6486],[-65.6552,10.2008],[-64.8905,10.0772],[-64.3295,10.3896],[-64.318,10.6414],[-61.8809,10.7156],[-62.7301,10.4203],[-62.3885,9.9482],[-61.5888,9.8731],[-60.8306,9.3813],[-60.6713,8.5802],[-60.1501,8.6028],[-59.7583,8.367],[-60.5506,7.7796],[-60.638,7.415],[-60.2957,7.0439],[-60.544,6.8566],[-61.1593,6.6961],[-61.1394,6.2343],[-61.4103,5.9591],[-60.7336,5.2003]]]}},{"type":"Feature","properties":{"ADM0_A3":"GUY","MAPCOLOR7":3},"bbox":[-61.410303,1.268088,-56.539386,8.367035],"geometry":{"type":"Polygon","coordinates":[[[-56.5394,1.8995],[-57.3358,1.9485],[-57.661,1.6826],[-58.4295,1.4639],[-58.54,1.2681],[-59.0309,1.3177],[-59.646,1.7869],[-59.7185,2.2496],[-59.9745,2.7552],[-59.8154,3.6065],[-59.538,3.9588],[-59.7674,4.4235],[-60.111,4.575],[-59.981,5.0141],[-60.2137,5.2445],[-60.7336,5.2003],[-61.4103,5.9591],[-61.1394,6.2343],[-61.1593,6.6961],[-60.544,6.8566],[-60.2957,7.0439],[-60.638,7.415],[-60.5506,7.7796],[-59.7583,8.367],[-59.1017,7.9992],[-58.483,7.3477],[-58.4549,6.8328],[-58.0781,6.8091],[-57.1474,5.9732],[-57.3072,5.0736],[-57.9143,4.8126],[-57.8602,4.5768],[-58.0447,4.0609],[-57.6016,3.3347],[-57.2814,3.3335],[-57.1501,2.7689],[-56.5394,1.8995]]]}},{"type":"Feature","properties":{"ADM0_A3":"SUR","MAPCOLOR7":1},"bbox":[-58.044694,1.817667,-53.958045,6.025291],"geometry":{"type":"Polygon","coordinates":[[[-54.5248,2.3118],[-55.0976,2.5237],[-55.5698,2.4215],[-55.9733,2.5104],[-56.0733,2.2208],[-55.9056,2.022],[-55.9957,1.8177],[-56.5394,1.8995],[-57.1501,2.7689],[-57.2814,3.3335],[-57.6016,3.3347],[-58.0447,4.0609],[-57.8602,4.5768],[-57.9143,4.8126],[-57.3072,5.0736],[-57.1474,5.9732],[-55.9493,5.7729],[-55.8418,5.9531],[-55.0333,6.0253],[-53.958,5.7565],[-54.4786,4.8968],[-54.3995,4.2126],[-54.0069,3.62],[-54.2697,2.7324],[-54.5248,2.3118]]]}},{"type":"Feature","properties":{"ADM0_A3":"FRA","MAPCOLOR7":7},"bbox":[-54.524754,2.053389,9.560016,51.148506],"geometry":{"type":"MultiPolygon","coordinates":[[[[-51.6578,4.1562],[-52.2493,3.2411],[-52.5564,2.5047],[-52.9397,2.1249],[-53.4185,2.0534],[-53.5548,2.3349],[-53.7785,2.3767],[-54.0881,2.1056],[-54.5248,2.3118],[-54.2697,2.7324],[-54.0069,3.62],[-54.3995,4.2126],[-54.4786,4.8968],[-53.958,5.7565],[-52.8821,5.4099],[-51.8233,4.5658],[-51.6578,4.1562]]],[[[6.1863,49.4638],[6.6582,49.202],[8.0993,49.0178],[7.5937,48.333],[7.4668,47.6206],[7.1922,47.4498],[6.7366,47.5418],[6.7687,47.2877],[6.0374,46.7258],[6.0226,46.273],[6.5001,46.4297],[6.8436,45.9911],[6.8024,45.7086],[7.0967,45.3331],[6.75,45.0285],[7.0076,44.2548],[7.5496,44.1279],[7.4352,43.6938],[6.5292,43.1289],[4.557,43.3997],[3.1004,43.0752],[2.986,42.473],[1.8268,42.3434],[0.7016,42.7957],[0.338,42.5795],[-1.5028,43.034],[-1.9014,43.4228],[-1.3842,44.0226],[-1.1938,46.0149],[-2.2257,47.0644],[-2.9633,47.5703],[-4.4916,47.955],[-4.5923,48.6842],[-3.2958,48.9017],[-1.6165,48.6444],[-1.9335,49.7763],[-0.9895,49.3474],[1.3388,50.1272],[1.639,50.9466],[2.5136,51.1485],[2.6584,50.7968],[3.1233,50.7804],[4.286,49.9075],[4.7992,49.9854],[5.8978,49.4427],[6.1863,49.4638]]],[[[8.746,42.6281],[9.39,43.01],[9.56,42.1525],[9.2298,41.38],[8.7757,41.5836],[8.5442,42.2565],[8.746,42.6281]]]]}},{"type":"Feature","properties":{"ADM0_A3":"ECU","MAPCOLOR7":1},"bbox":[-80.967765,-4.959129,-75.233723,1.380924],"geometry":{"type":"Polygon","coordinates":[[[-75.3732,-0.152],[-75.2337,-0.9114],[-75.545,-1.5616],[-76.6354,-2.6087],[-77.8379,-3.003],[-78.4507,-3.8731],[-78.6399,-4.5478],[-79.2053,-4.9591],[-79.625,-4.4542],[-80.0289,-4.3461],[-80.4422,-4.4257],[-80.4693,-4.0593],[-80.184,-3.8212],[-80.3026,-3.4049],[-79.7703,-2.6575],[-79.9866,-2.2208],[-80.3688,-2.6852],[-80.9678,-2.2469],[-80.7648,-1.965],[-80.9337,-1.0575],[-80.5834,-0.9067],[-80.3993,-0.2837],[-80.0209,0.3603],[-80.0906,0.7684],[-78.8553,1.3809],[-77.8551,0.8099],[-77.6686,0.8259],[-77.425,0.3957],[-76.5764,0.2569],[-76.2923,0.416],[-75.3732,-0.152]]]}},{"type":"Feature","properties":{"ADM0_A3":"PRI","MAPCOLOR7":4},"bbox":[-67.242428,17.946553,-65.591004,18.520601],"geometry":{"type":"Polygon","coordinates":[[[-66.2824,18.5148],[-65.7713,18.4267],[-65.591,18.228],[-65.8472,17.9759],[-66.5999,17.9818],[-67.1842,17.9466],[-67.2424,18.3745],[-67.1007,18.5206],[-66.2824,18.5148]]]}},{"type":"Feature","properties":{"ADM0_A3":"JAM","MAPCOLOR7":1},"bbox":[-78.337719,17.701116,-76.199659,18.524218],"geometry":{"type":"Polygon","coordinates":[[[-77.5696,18.4905],[-76.8966,18.4009],[-76.3654,18.1607],[-76.1997,17.8869],[-76.9026,17.8682],[-77.2063,17.7011],[-77.766,17.8616],[-78.3377,18.226],[-78.2177,18.4545],[-77.5696,18.4905]]]}},{"type":"Feature","properties":{"ADM0_A3":"CUB","MAPCOLOR7":3},"bbox":[-84.974911,19.855481,-74.178025,23.188611],"geometry":{"type":"Polygon","coordinates":[[[-82.2682,23.1886],[-80.6188,23.106],[-79.6795,22.7653],[-79.2815,22.3992],[-78.3474,22.5122],[-76.5238,21.2068],[-76.1946,21.2206],[-75.5982,21.0166],[-75.6711,20.7351],[-74.9339,20.6939],[-74.178,20.2846],[-74.2966,20.0504],[-74.9616,19.9234],[-77.7555,19.8555],[-77.0851,20.4134],[-77.4927,20.6731],[-78.1373,20.7399],[-78.4828,21.0286],[-78.7199,21.5981],[-79.285,21.5592],[-80.2175,21.8273],[-80.5175,22.0371],[-81.8209,22.1921],[-82.17,22.3871],[-81.795,22.637],[-82.7759,22.6882],[-83.4945,22.1685],[-83.9088,22.1546],[-84.0522,21.9106],[-84.547,21.8012],[-84.9749,21.896],[-84.4471,22.205],[-84.2304,22.5658],[-83.7782,22.7881],[-82.2682,23.1886]]]}},{"type":"Feature","properties":{"ADM0_A3":"ZWE","MAPCOLOR7":1},"bbox":[25.264226,-22.271612,32.849861,-15.507787],"geometry":{"type":"Polygon","coordinates":[[[31.1914,-22.2515],[30.6599,-22.1516],[30.3229,-22.2716],[29.4322,-22.0913],[28.7947,-21.6395],[28.0214,-21.486],[27.7272,-20.8518],[27.7247,-20.4991],[27.2965,-20.3915],[26.1648,-19.2931],[25.2642,-17.7365],[27.0444,-17.938],[28.4679,-16.4684],[28.8259,-16.3897],[28.9475,-16.0431],[29.5168,-15.6447],[30.2743,-15.5078],[30.339,-15.8808],[31.1731,-15.8609],[31.6365,-16.072],[31.852,-16.3194],[32.3282,-16.3921],[32.8476,-16.7134],[32.8499,-17.9791],[32.6549,-18.6721],[32.612,-19.4194],[32.7727,-19.7156],[32.6597,-20.3043],[32.5087,-20.3953],[32.245,-21.1165],[31.1914,-22.2515]]]}},{"type":"Feature","properties":{"ADM0_A3":"BWA","MAPCOLOR7":6},"bbox":[19.895458,-26.828543,29.432188,-17.661816],"geometry":{"type":"Polygon","coordinates":[[[29.4322,-22.0913],[28.0172,-22.8278],[27.1194,-23.5743],[26.4858,-24.6163],[25.9417,-24.6964],[25.6647,-25.4868],[25.0252,-25.7197],[24.2113,-25.6702],[23.3121,-25.2687],[22.8243,-25.5005],[22.5795,-25.9794],[21.6059,-26.7265],[20.8896,-26.8285],[20.6665,-26.4775],[20.7586,-25.8681],[20.1657,-24.918],[19.8958,-24.7678],[19.8955,-21.8492],[20.8811,-21.8143],[20.9106,-18.2522],[21.655,-18.2191],[23.1969,-17.869],[23.579,-18.2813],[24.2174,-17.8893],[25.0844,-17.6618],[25.2642,-17.7365],[26.1648,-19.2931],[27.2965,-20.3915],[27.7247,-20.4991],[27.7272,-20.8518],[28.0214,-21.486],[28.7947,-21.6395],[29.4322,-22.0913]]]}},{"type":"Feature","properties":{"ADM0_A3":"NAM","MAPCOLOR7":4},"bbox":[11.734199,-29.045462,25.084443,-16.941343],"geometry":{"type":"Polygon","coordinates":[[[19.8958,-24.7678],[19.8947,-28.4611],[19.0021,-28.9724],[18.4649,-29.0455],[17.3875,-28.7835],[17.2189,-28.3559],[16.824,-28.0822],[16.345,-28.5767],[15.6018,-27.8212],[15.2105,-27.091],[14.4081,-23.853],[14.3857,-22.6567],[14.2577,-22.1112],[13.3525,-20.8728],[12.6086,-19.0453],[11.7949,-18.0691],[11.7342,-17.3019],[12.8141,-16.9413],[13.4624,-16.9712],[14.0585,-17.4234],[18.2633,-17.31],[18.9562,-17.7891],[21.3772,-17.9306],[24.0339,-17.2958],[24.6823,-17.3534],[25.077,-17.5788],[25.0844,-17.6618],[24.5207,-17.8871],[24.2174,-17.8893],[23.579,-18.2813],[23.1969,-17.869],[21.655,-18.2191],[20.9106,-18.2522],[20.8811,-21.8143],[19.8955,-21.8492],[19.8958,-24.7678]]]}},{"type":"Feature","properties":{"ADM0_A3":"SEN","MAPCOLOR7":2},"bbox":[-17.625043,12.33209,-11.467899,16.598264],"geometry":{"type":"Polygon","coordinates":[[[-16.7137,13.595],[-17.1261,14.3735],[-17.625,14.7295],[-17.1852,14.9195],[-16.4631,16.135],[-16.1207,16.4557],[-15.6237,16.3693],[-15.1357,16.5873],[-14.5773,16.5983],[-13.4357,16.0394],[-12.1707,14.6168],[-12.1249,13.9947],[-11.9277,13.4221],[-11.5534,13.1412],[-11.5139,12.443],[-12.2036,12.4656],[-12.4991,12.3321],[-13.2178,12.5759],[-15.5485,12.6282],[-16.6775,12.3849],[-16.8415,13.1514],[-15.9313,13.1303],[-15.1412,13.5095],[-14.7122,13.2982],[-14.2777,13.2806],[-13.845,13.505],[-14.047,13.7941],[-14.3767,13.6257],[-14.687,13.6304],[-15.0817,13.8765],[-15.3988,13.8604],[-15.6246,13.6236],[-16.7137,13.595]]]}},{"type":"Feature","properties":{"ADM0_A3":"MLI","MAPCOLOR7":1},"bbox":[-12.17075,10.096361,4.27021,24.974574],"geometry":{"type":"Polygon","coordinates":[[[-11.5139,12.443],[-11.5534,13.1412],[-11.9277,13.4221],[-12.1249,13.9947],[-12.1707,14.6168],[-11.8342,14.7991],[-11.6661,15.3882],[-11.3491,15.4113],[-10.6508,15.1327],[-10.0868,15.3305],[-9.7003,15.2641],[-9.5502,15.4865],[-5.5377,15.5017],[-5.3153,16.2019],[-5.4885,16.3251],[-6.4538,24.9566],[-4.9233,24.9746],[1.8232,20.6108],[2.061,20.1422],[3.1467,19.6936],[3.1581,19.0574],[4.2674,19.1553],[4.2702,16.8522],[3.7234,16.1843],[3.6383,15.5681],[1.3855,15.3236],[1.0158,14.9682],[-0.2663,14.9243],[-0.5159,15.1162],[-1.0664,14.9738],[-2.001,14.559],[-2.1918,14.2464],[-2.9677,13.7981],[-3.1037,13.5413],[-3.5228,13.3377],[-4.0064,13.4725],[-4.2804,13.2284],[-4.4272,12.5426],[-5.2209,11.7139],[-5.1978,11.3751],[-5.4706,10.9513],[-5.4043,10.3707],[-6.0505,10.0964],[-6.2052,10.5241],[-6.6665,10.4308],[-6.8505,10.139],[-7.6228,10.1472],[-7.8996,10.2974],[-8.0299,10.2065],[-8.3354,10.4948],[-8.2824,10.7926],[-8.4073,10.9093],[-8.6203,10.8109],[-8.5813,11.1362],[-8.3763,11.3936],[-9.1275,12.3081],[-9.3276,12.3343],[-10.1652,11.8441],[-10.5932,11.924],[-11.0366,12.2112],[-11.4562,12.0768],[-11.5139,12.443]]]}},{"type":"Feature","properties":{"ADM0_A3":"MRT","MAPCOLOR7":3},"bbox":[-17.063423,14.616834,-4.923337,27.395744],"geometry":{"type":"Polygon","coordinates":[[[-17.0634,20.9998],[-16.8452,21.3333],[-12.9291,21.3271],[-13.1188,22.7712],[-12.8742,23.2848],[-11.9372,23.3746],[-11.9694,25.9334],[-8.6873,25.8811],[-8.6844,27.3957],[-4.9233,24.9746],[-6.4538,24.9566],[-5.4885,16.3251],[-5.3153,16.2019],[-5.5377,15.5017],[-9.5502,15.4865],[-9.7003,15.2641],[-10.0868,15.3305],[-10.6508,15.1327],[-11.3491,15.4113],[-11.6661,15.3882],[-11.8342,14.7991],[-12.1707,14.6168],[-13.4357,16.0394],[-14.5773,16.5983],[-15.1357,16.5873],[-15.6237,16.3693],[-16.1207,16.4557],[-16.4631,16.135],[-16.5497,16.6739],[-16.2706,17.167],[-16.1463,18.1085],[-16.3777,19.5938],[-16.2778,20.0925],[-16.5363,20.5679],[-17.0634,20.9998]]]}},{"type":"Feature","properties":{"ADM0_A3":"BEN","MAPCOLOR7":1},"bbox":[0.772336,6.142158,3.797112,12.235636],"geometry":{"type":"Polygon","coordinates":[[[2.6917,6.2588],[1.8652,6.1422],[1.619,6.832],[1.6645,9.1286],[1.463,9.3346],[1.4251,9.8254],[0.7723,10.4708],[0.8996,10.9973],[1.2435,11.1105],[1.4472,11.5477],[1.936,11.6411],[2.4902,12.2331],[2.8486,12.2356],[3.6112,11.6602],[3.5722,11.3279],[3.7971,10.7347],[3.6001,10.3322],[3.7054,10.0632],[2.9123,9.1376],[2.7238,8.5068],[2.6917,6.2588]]]}},{"type":"Feature","properties":{"ADM0_A3":"NER","MAPCOLOR7":4},"bbox":[0.295646,11.660167,15.903247,23.471668],"geometry":{"type":"Polygon","coordinates":[[[14.8513,22.863],[15.0969,21.3085],[15.4711,21.0484],[15.4871,20.7304],[15.9032,20.3876],[15.6857,19.9572],[15.3004,17.9279],[15.2477,16.6273],[13.9722,15.6844],[13.5404,14.3671],[13.9567,13.9967],[13.9545,13.3534],[14.5958,13.3304],[14.4958,12.8594],[14.2135,12.802],[14.1813,12.4837],[13.9954,12.4616],[13.3187,13.5564],[13.084,13.5961],[12.3021,13.0372],[11.5278,13.329],[10.9896,13.3873],[10.701,13.2469],[10.1148,13.2773],[9.5249,12.8511],[9.0149,12.8267],[7.8047,13.3435],[7.3307,13.098],[6.8204,13.1151],[6.4454,13.4928],[5.4431,13.8659],[4.3683,13.7475],[4.1079,13.5312],[3.9673,12.9561],[3.6806,12.5529],[3.6112,11.6602],[2.8486,12.2356],[2.4902,12.2331],[2.1545,11.9401],[2.1771,12.625],[1.0241,12.8518],[0.993,13.3358],[0.4299,13.9887],[0.2956,14.4442],[0.3749,14.9289],[1.0158,14.9682],[1.3855,15.3236],[3.6383,15.5681],[3.7234,16.1843],[4.2702,16.8522],[4.2674,19.1553],[5.6776,19.6012],[8.5729,21.5657],[11.9995,23.4717],[13.5814,23.0405],[14.1439,22.4913],[14.8513,22.863]]]}},{"type":"Feature","properties":{"ADM0_A3":"NGA","MAPCOLOR7":3},"bbox":[2.691702,4.240594,14.577178,13.865924],"geometry":{"type":"Polygon","coordinates":[[[2.6917,6.2588],[2.7238,8.5068],[2.9123,9.1376],[3.7054,10.0632],[3.6001,10.3322],[3.7971,10.7347],[3.5722,11.3279],[3.6806,12.5529],[3.9673,12.9561],[4.1079,13.5312],[4.3683,13.7475],[5.4431,13.8659],[6.4454,13.4928],[6.8204,13.1151],[7.3307,13.098],[7.8047,13.3435],[9.0149,12.8267],[9.5249,12.8511],[10.1148,13.2773],[10.701,13.2469],[10.9896,13.3873],[11.5278,13.329],[12.3021,13.0372],[13.084,13.5961],[13.3187,13.5564],[13.9954,12.4616],[14.1813,12.4837],[14.5772,12.0854],[14.4154,11.5724],[13.573,10.7986],[12.7537,8.7178],[12.2189,8.3058],[11.7458,6.9814],[11.0588,6.6444],[10.4974,7.0554],[10.1183,7.0388],[9.5227,6.4535],[9.2332,6.4445],[8.5003,4.772],[7.4621,4.4121],[7.0826,4.4647],[6.6981,4.2406],[5.8982,4.2625],[5.3628,4.888],[5.0336,5.6118],[4.3256,6.2707],[2.6917,6.2588]]]}},{"type":"Feature","properties":{"ADM0_A3":"CMR","MAPCOLOR7":1},"bbox":[8.488816,1.727673,16.012852,12.859396],"geometry":{"type":"Polygon","coordinates":[[[14.4958,12.8594],[14.8934,12.219],[14.9236,10.8913],[15.4679,9.9823],[14.6272,9.9209],[14.1715,10.0214],[13.9542,9.5495],[14.5445,8.9659],[14.98,8.7961],[15.4361,7.6928],[14.7765,6.4085],[14.5366,6.227],[14.4784,4.7326],[14.951,4.2104],[15.0362,3.8514],[15.4054,3.3353],[15.8627,3.0135],[16.0129,2.2676],[15.9409,1.7277],[14.3378,2.2279],[12.9513,2.3216],[12.3594,2.1928],[11.7517,2.3268],[9.6492,2.2839],[9.7952,3.0734],[9.4044,3.7345],[8.9481,3.9041],[8.7449,4.3522],[8.4888,4.4956],[8.7575,5.4797],[9.2332,6.4445],[9.5227,6.4535],[10.1183,7.0388],[10.4974,7.0554],[11.0588,6.6444],[11.7458,6.9814],[12.2189,8.3058],[12.7537,8.7178],[13.573,10.7986],[14.4154,11.5724],[14.5772,12.0854],[14.1813,12.4837],[14.2135,12.802],[14.4958,12.8594]]]}},{"type":"Feature","properties":{"ADM0_A3":"TGO","MAPCOLOR7":3},"bbox":[-0.049785,5.928837,1.865241,11.018682],"geometry":{"type":"Polygon","coordinates":[[[0.8996,10.9973],[0.7723,10.4708],[1.4251,9.8254],[1.463,9.3346],[1.6645,9.1286],[1.619,6.832],[1.8652,6.1422],[1.0601,5.9288],[0.5704,6.9144],[0.491,7.4117],[0.712,8.3125],[0.4612,8.6772],[0.3676,10.1912],[-0.0498,10.7069],[0.0238,11.0187],[0.8996,10.9973]]]}},{"type":"Feature","properties":{"ADM0_A3":"GHA","MAPCOLOR7":5},"bbox":[-3.24437,4.710462,1.060122,11.098341],"geometry":{"type":"Polygon","coordinates":[[[0.0238,11.0187],[-0.0498,10.7069],[0.3676,10.1912],[0.4612,8.6772],[0.712,8.3125],[0.491,7.4117],[0.5704,6.9144],[1.0601,5.9288],[-1.9647,4.7105],[-2.8561,4.9945],[-2.8107,5.3891],[-3.2444,6.2505],[-2.9836,7.3797],[-2.5622,8.2196],[-2.9639,10.3953],[-2.9404,10.9627],[-0.7616,10.9369],[-0.4387,11.0983],[0.0238,11.0187]]]}},{"type":"Feature","properties":{"ADM0_A3":"CIV","MAPCOLOR7":4},"bbox":[-8.60288,4.338288,-2.56219,10.524061],"geometry":{"type":"Polygon","coordinates":[[[-8.0299,10.2065],[-7.8996,10.2974],[-7.6228,10.1472],[-6.8505,10.139],[-6.6665,10.4308],[-6.2052,10.5241],[-6.0505,10.0964],[-5.4043,10.3707],[-4.9547,10.1527],[-4.7799,9.822],[-4.3302,9.6108],[-3.9804,9.8623],[-3.5119,9.9003],[-2.8275,9.6425],[-2.5622,8.2196],[-2.9836,7.3797],[-3.2444,6.2505],[-2.8107,5.3891],[-2.8561,4.9945],[-4.6499,5.1683],[-5.8345,4.9937],[-7.5189,4.3383],[-7.7122,4.3646],[-7.5702,5.7074],[-7.9937,6.1262],[-8.3113,6.193],[-8.6029,6.4676],[-8.3855,6.9118],[-8.4854,7.3952],[-8.4393,7.686],[-8.2807,7.6872],[-8.299,8.3164],[-8.2035,8.4555],[-7.8321,8.5757],[-8.3096,9.7895],[-8.2293,10.129],[-8.0299,10.2065]]]}},{"type":"Feature","properties":{"ADM0_A3":"GIN","MAPCOLOR7":6},"bbox":[-15.130311,7.309037,-7.8321,12.586183],"geometry":{"type":"Polygon","coordinates":[[[-13.7005,12.5862],[-13.2178,12.5759],[-12.4991,12.3321],[-12.2036,12.4656],[-11.5139,12.443],[-11.4562,12.0768],[-11.0366,12.2112],[-10.5932,11.924],[-10.1652,11.8441],[-9.3276,12.3343],[-9.1275,12.3081],[-8.3763,11.3936],[-8.5813,11.1362],[-8.6203,10.8109],[-8.4073,10.9093],[-8.2824,10.7926],[-8.3354,10.4948],[-8.0299,10.2065],[-8.2293,10.129],[-8.3096,9.7895],[-7.8321,8.5757],[-8.2035,8.4555],[-8.299,8.3164],[-8.2807,7.6872],[-8.7221,7.7117],[-8.9261,7.309],[-9.2088,7.3139],[-9.4033,7.5269],[-9.3373,7.9285],[-9.7553,8.5411],[-10.5055,8.3489],[-10.6224,9.2679],[-11.1175,10.0459],[-11.9173,10.047],[-12.1503,9.8586],[-12.4259,9.8358],[-12.712,9.3427],[-13.2465,8.903],[-14.074,9.8862],[-14.5797,10.2145],[-14.8396,10.8766],[-15.1303,11.0404],[-14.6857,11.5278],[-14.3822,11.5093],[-13.7432,11.8113],[-13.8283,12.1426],[-13.7187,12.2472],[-13.7005,12.5862]]]}},{"type":"Feature","properties":{"ADM0_A3":"GNB","MAPCOLOR7":3},"bbox":[-16.677452,11.040412,-13.700476,12.62817],"geometry":{"type":"Polygon","coordinates":[[[-16.6775,12.3849],[-15.5485,12.6282],[-13.7005,12.5862],[-13.7187,12.2472],[-13.8283,12.1426],[-13.7432,11.8113],[-14.3822,11.5093],[-14.6857,11.5278],[-15.1303,11.0404],[-15.6642,11.4585],[-16.0852,11.5246],[-16.6775,12.3849]]]}},{"type":"Feature","properties":{"ADM0_A3":"LBR","MAPCOLOR7":2},"bbox":[-11.438779,4.355755,-7.539715,8.541055],"geometry":{"type":"Polygon","coordinates":[[[-8.4393,7.686],[-8.3855,6.9118],[-8.6029,6.4676],[-8.3113,6.193],[-7.9937,6.1262],[-7.5702,5.7074],[-7.7122,4.3646],[-7.9741,4.3558],[-9.0048,4.8324],[-10.7654,6.1407],[-11.4388,6.7859],[-11.1998,7.1058],[-11.1467,7.3967],[-10.2301,8.4062],[-9.7553,8.5411],[-9.3373,7.9285],[-9.4033,7.5269],[-9.2088,7.3139],[-8.9261,7.309],[-8.7221,7.7117],[-8.4393,7.686]]]}},{"type":"Feature","properties":{"ADM0_A3":"SLE","MAPCOLOR7":1},"bbox":[-13.24655,6.785917,-10.230094,10.046984],"geometry":{"type":"Polygon","coordinates":[[[-13.2465,8.903],[-12.712,9.3427],[-12.4259,9.8358],[-12.1503,9.8586],[-11.9173,10.047],[-11.1175,10.0459],[-10.6224,9.2679],[-10.5055,8.3489],[-10.2301,8.4062],[-11.1467,7.3967],[-11.1998,7.1058],[-11.4388,6.7859],[-12.4281,7.2629],[-12.949,7.7986],[-13.2465,8.903]]]}},{"type":"Feature","properties":{"ADM0_A3":"BFA","MAPCOLOR7":2},"bbox":[-5.470565,9.610835,2.177108,15.116158],"geometry":{"type":"Polygon","coordinates":[[[-5.4043,10.3707],[-5.4706,10.9513],[-5.1978,11.3751],[-5.2209,11.7139],[-4.4272,12.5426],[-4.2804,13.2284],[-4.0064,13.4725],[-3.5228,13.3377],[-3.1037,13.5413],[-2.9677,13.7981],[-2.1918,14.2464],[-2.001,14.559],[-1.0664,14.9738],[-0.5159,15.1162],[-0.2663,14.9243],[0.3749,14.9289],[0.2956,14.4442],[0.4299,13.9887],[0.993,13.3358],[1.0241,12.8518],[2.1771,12.625],[2.1545,11.9401],[1.936,11.6411],[1.4472,11.5477],[1.2435,11.1105],[0.8996,10.9973],[-0.4387,11.0983],[-0.7616,10.9369],[-2.9404,10.9627],[-2.8275,9.6425],[-3.5119,9.9003],[-3.9804,9.8623],[-4.3302,9.6108],[-4.7799,9.822],[-4.9547,10.1527],[-5.4043,10.3707]]]}},{"type":"Feature","properties":{"ADM0_A3":"CAF","MAPCOLOR7":5},"bbox":[14.459407,2.26764,27.374226,11.142395],"geometry":{"type":"Polygon","coordinates":[[[27.3742,5.2339],[27.0441,5.1279],[25.6505,5.2561],[25.2788,5.1704],[25.1288,4.9272],[24.805,4.8972],[24.4105,5.1088],[23.2972,4.6097],[22.8415,4.7101],[22.4051,4.0292],[20.9276,4.3228],[19.4678,5.0315],[18.9323,4.7095],[18.543,4.2018],[18.4531,3.5044],[17.133,3.7282],[16.5371,3.1983],[16.0129,2.2676],[15.8627,3.0135],[15.4054,3.3353],[15.0362,3.8514],[14.951,4.2104],[14.4784,4.7326],[14.5589,5.0306],[14.4594,5.4518],[14.5366,6.227],[14.7765,6.4085],[15.2795,7.4219],[16.1062,7.4971],[16.2906,7.7543],[16.706,7.5083],[17.9649,7.8909],[18.911,8.6309],[18.812,8.9829],[19.094,9.0748],[20.0597,9.0127],[21.0009,9.476],[21.7238,10.5671],[22.2311,10.9719],[22.8642,11.1424],[22.9775,10.7145],[23.5543,10.0893],[23.5572,9.6812],[23.3948,9.2651],[23.459,8.9543],[25.1149,7.8251],[25.1241,7.5001],[26.2134,6.5466],[26.4659,5.9467],[27.2134,5.551],[27.3742,5.2339]]]}},{"type":"Feature","properties":{"ADM0_A3":"COG","MAPCOLOR7":2},"bbox":[11.093773,-5.037987,18.453065,3.728197],"geometry":{"type":"Polygon","coordinates":[[[18.4531,3.5044],[18.3938,2.9004],[17.8988,1.7418],[17.7742,0.8557],[17.8265,0.2889],[17.6386,-0.4248],[17.5237,-0.7438],[16.8653,-1.2258],[16.4071,-1.7409],[15.9728,-2.7124],[16.0063,-3.5351],[14.5826,-4.9702],[14.209,-4.7931],[14.145,-4.51],[13.6002,-4.5001],[13.2582,-4.883],[12.6208,-4.438],[11.915,-5.038],[11.0938,-3.9788],[11.8551,-3.4269],[11.478,-2.7656],[11.821,-2.5142],[12.4957,-2.3917],[12.5753,-1.9485],[13.1096,-2.4287],[13.9924,-2.4708],[14.2992,-1.9983],[14.4255,-1.3334],[14.3164,-0.5526],[13.8433,0.0388],[14.2763,1.1969],[14.0267,1.3957],[13.2826,1.3142],[13.0031,1.8309],[13.0758,2.2671],[14.3378,2.2279],[15.9409,1.7277],[16.0129,2.2676],[16.5371,3.1983],[17.133,3.7282],[18.4531,3.5044]]]}},{"type":"Feature","properties":{"ADM0_A3":"GAB","MAPCOLOR7":6},"bbox":[8.797996,-3.978827,14.425456,2.326758],"geometry":{"type":"Polygon","coordinates":[[[11.2764,2.2611],[11.7517,2.3268],[12.3594,2.1928],[12.9513,2.3216],[13.0758,2.2671],[13.0031,1.8309],[13.2826,1.3142],[14.0267,1.3957],[14.2763,1.1969],[13.8433,0.0388],[14.3164,-0.5526],[14.4255,-1.3334],[14.2992,-1.9983],[13.9924,-2.4708],[13.1096,-2.4287],[12.5753,-1.9485],[12.4957,-2.3917],[11.821,-2.5142],[11.478,-2.7656],[11.8551,-3.4269],[11.0938,-3.9788],[9.4052,-2.1443],[8.798,-1.1113],[9.4929,1.0101],[11.2851,1.0577],[11.2764,2.2611]]]}},{"type":"Feature","properties":{"ADM0_A3":"GNQ","MAPCOLOR7":4},"bbox":[9.305613,1.01012,11.285079,2.283866],"geometry":{"type":"Polygon","coordinates":[[[9.6492,2.2839],[11.2764,2.2611],[11.2851,1.0577],[9.8303,1.0679],[9.4929,1.0101],[9.3056,1.1609],[9.6492,2.2839]]]}},{"type":"Feature","properties":{"ADM0_A3":"ZMB","MAPCOLOR7":5},"bbox":[21.887843,-17.961229,33.485688,-8.238257],"geometry":{"type":"Polygon","coordinates":[[[30.74,-8.34],[32.7594,-9.2306],[33.2314,-9.6767],[33.4857,-10.5256],[33.1143,-11.6072],[33.3064,-12.4358],[32.9918,-12.7839],[32.6882,-13.7129],[33.214,-13.9719],[30.1795,-14.7961],[30.2743,-15.5078],[29.5168,-15.6447],[28.9475,-16.0431],[28.8259,-16.3897],[28.4679,-16.4684],[27.0444,-17.938],[25.2642,-17.7365],[24.6823,-17.3534],[24.0339,-17.2958],[23.215,-17.5231],[21.8878,-16.0803],[21.9339,-12.8984],[24.0161,-12.911],[23.9309,-12.5658],[24.0799,-12.1913],[23.9042,-11.7223],[24.0179,-11.2373],[23.9122,-10.9268],[24.2572,-10.952],[24.3145,-11.2628],[25.4181,-11.3309],[25.7523,-11.785],[26.5531,-11.9244],[27.1644,-11.6087],[27.3888,-12.1327],[28.1551,-12.2725],[28.9343,-13.249],[29.6996,-13.2572],[29.616,-12.1789],[29.3415,-12.3607],[28.3723,-11.7936],[28.6737,-9.6059],[28.4499,-9.1649],[28.7349,-8.5266],[29.0029,-8.407],[30.3461,-8.2383],[30.74,-8.34]]]}},{"type":"Feature","properties":{"ADM0_A3":"MWI","MAPCOLOR7":1},"bbox":[32.688165,-16.8013,35.771905,-9.230599],"geometry":{"type":"Polygon","coordinates":[[[32.7594,-9.2306],[33.7397,-9.4171],[34.28,-10.16],[34.56,-11.52],[34.28,-12.28],[34.56,-13.58],[34.9072,-13.5654],[35.268,-13.8878],[35.6868,-14.611],[35.7719,-15.8969],[35.3391,-16.1074],[35.0338,-16.8013],[34.3813,-16.1836],[34.3073,-15.4786],[34.5177,-15.0137],[34.4596,-14.613],[34.0648,-14.3599],[33.7897,-14.4518],[33.214,-13.9719],[32.6882,-13.7129],[32.9918,-12.7839],[33.3064,-12.4358],[33.1143,-11.6072],[33.4857,-10.5256],[33.2314,-9.6767],[32.7594,-9.2306]]]}},{"type":"Feature","properties":{"ADM0_A3":"MOZ","MAPCOLOR7":4},"bbox":[30.179481,-26.742192,40.775475,-10.317096],"geometry":{"type":"Polygon","coordinates":[[[34.56,-11.52],[35.3124,-11.4391],[36.5141,-11.7209],[36.7752,-11.5945],[37.4713,-11.5688],[37.8276,-11.2688],[38.4276,-11.2852],[39.521,-10.8969],[40.3166,-10.3171],[40.4784,-10.7654],[40.4373,-11.7617],[40.5996,-14.202],[40.7755,-14.6918],[40.0893,-16.1008],[39.4526,-16.7209],[37.4111,-17.5864],[36.2813,-18.6597],[35.8965,-18.8423],[35.1984,-19.5528],[34.7864,-19.784],[34.7019,-20.497],[35.1761,-21.2544],[35.3858,-22.14],[35.5625,-22.09],[35.5339,-23.0708],[35.3718,-23.5354],[35.6075,-23.7066],[35.4587,-24.1226],[35.0407,-24.4784],[33.0132,-25.3576],[32.5746,-25.7273],[32.6604,-26.1486],[32.916,-26.2159],[32.8301,-26.7422],[32.0717,-26.7338],[31.7524,-25.4843],[31.9306,-24.3694],[31.1914,-22.2515],[32.245,-21.1165],[32.5087,-20.3953],[32.6597,-20.3043],[32.7727,-19.7156],[32.612,-19.4194],[32.6549,-18.6721],[32.8499,-17.9791],[32.8476,-16.7134],[32.3282,-16.3921],[31.852,-16.3194],[31.6365,-16.072],[31.1731,-15.8609],[30.339,-15.8808],[30.1795,-14.7961],[33.214,-13.9719],[33.7897,-14.4518],[34.0648,-14.3599],[34.4596,-14.613],[34.5177,-15.0137],[34.3073,-15.4786],[34.3813,-16.1836],[35.0338,-16.8013],[35.3391,-16.1074],[35.7719,-15.8969],[35.6868,-14.611],[35.268,-13.8878],[34.9072,-13.5654],[34.56,-13.58],[34.28,-12.28],[34.56,-11.52]]]}},{"type":"Feature","properties":{"ADM0_A3":"SWZ","MAPCOLOR7":3},"bbox":[30.676609,-27.285879,32.071665,-25.660191],"geometry":{"type":"Polygon","coordinates":[[[32.0717,-26.7338],[31.8681,-27.1779],[31.2828,-27.2859],[30.686,-26.7438],[30.6766,-26.3981],[31.0441,-25.7315],[31.3332,-25.6602],[31.8378,-25.8433],[32.0717,-26.7338]]]}},{"type":"Feature","properties":{"ADM0_A3":"AGO","MAPCOLOR7":3},"bbox":[11.640096,-17.930636,24.079905,-4.438023],"geometry":{"type":"MultiPolygon","coordinates":[[[[12.9955,-4.7811],[12.6316,-4.9913],[12.468,-5.2484],[12.4367,-5.6843],[12.1823,-5.7899],[11.915,-5.038],[12.3186,-4.6062],[12.6208,-4.438],[12.9955,-4.7811]]],[[[12.3224,-6.1001],[13.3756,-5.8642],[16.3265,-5.8775],[16.8602,-7.2223],[17.473,-8.0686],[18.4642,-7.847],[19.0168,-7.9882],[19.4175,-7.1554],[20.0377,-7.1164],[20.0916,-6.9431],[20.6018,-6.9393],[20.5147,-7.2996],[21.7281,-7.2909],[21.7465,-7.9201],[21.9491,-8.3059],[21.8018,-8.9087],[21.8752,-9.5237],[22.2088,-9.8948],[22.1553,-11.0848],[23.4568,-10.8679],[23.9122,-10.9268],[24.0179,-11.2373],[23.9042,-11.7223],[24.0799,-12.1913],[23.9309,-12.5658],[24.0161,-12.911],[21.9339,-12.8984],[21.8878,-16.0803],[23.215,-17.5231],[21.3772,-17.9306],[18.9562,-17.7891],[18.2633,-17.31],[14.0585,-17.4234],[13.4624,-16.9712],[12.8141,-16.9413],[11.7342,-17.3019],[11.6401,-16.6731],[12.1756,-14.4491],[12.7385,-13.1379],[13.6337,-12.0386],[13.7387,-11.2979],[13.6864,-10.7311],[13.3873,-10.3736],[12.8754,-9.1669],[13.2364,-8.5626],[12.7283,-6.9271],[12.2273,-6.2944],[12.3224,-6.1001]]]]}},{"type":"Feature","properties":{"ADM0_A3":"BDI","MAPCOLOR7":2},"bbox":[29.024926,-4.499983,30.75224,-2.348487],"geometry":{"type":"Polygon","coordinates":[[[30.4697,-2.4139],[30.5277,-2.8076],[30.743,-3.0343],[30.7522,-3.3593],[29.7535,-4.4524],[29.34,-4.5],[29.2764,-3.2939],[29.0249,-2.8393],[29.6322,-2.9179],[29.9384,-2.3485],[30.4697,-2.4139]]]}},{"type":"Feature","properties":{"ADM0_A3":"ISR","MAPCOLOR7":3},"bbox":[34.265433,29.501326,35.836397,33.277426],"geometry":{"type":"Polygon","coordinates":[[[35.7199,32.7092],[35.5457,32.394],[35.1839,32.5325],[34.9746,31.8666],[35.2259,31.7543],[34.9705,31.6168],[34.9274,31.3534],[35.3976,31.4891],[35.4209,31.1001],[34.9226,29.5013],[34.2654,31.2194],[34.5564,31.5488],[34.4881,31.6055],[35.0985,33.0805],[35.4607,33.089],[35.5528,33.2643],[35.8211,33.2774],[35.8364,32.8681],[35.7199,32.7092]]]}},{"type":"Feature","properties":{"ADM0_A3":"LBN","MAPCOLOR7":4},"bbox":[35.126053,33.08904,36.61175,34.644914],"geometry":{"type":"Polygon","coordinates":[[[35.8211,33.2774],[35.5528,33.2643],[35.4607,33.089],[35.1261,33.0909],[35.4822,33.9055],[35.9984,34.6449],[36.4482,34.5939],[36.6118,34.2018],[36.0665,33.8249],[35.8211,33.2774]]]}},{"type":"Feature","properties":{"ADM0_A3":"MDG","MAPCOLOR7":6},"bbox":[43.254187,-25.601434,50.476537,-12.040557],"geometry":{"type":"Polygon","coordinates":[[[49.5435,-12.4698],[50.0565,-13.5558],[50.2174,-14.7588],[50.4765,-15.2265],[50.3771,-15.7061],[50.2003,-16.0003],[49.8606,-15.4143],[49.6726,-15.7102],[49.8633,-16.451],[49.7746,-16.875],[49.4986,-17.106],[49.4356,-17.9531],[47.0958,-24.9416],[46.2825,-25.1785],[45.4095,-25.6014],[44.0397,-24.9883],[43.7638,-24.4607],[43.6978,-23.5741],[43.3457,-22.7769],[43.2542,-22.0574],[43.4333,-21.3365],[43.8937,-21.1633],[43.8964,-20.8305],[44.3743,-20.0724],[44.4644,-19.4355],[44.043,-18.3314],[43.9631,-17.4099],[44.3125,-16.8505],[44.4465,-16.2162],[44.9449,-16.1794],[45.873,-15.7935],[46.3122,-15.78],[47.7051,-14.5943],[48.0052,-14.0912],[47.869,-13.6639],[48.2938,-13.7841],[48.8451,-13.0892],[48.8635,-12.4879],[49.1947,-12.0406],[49.5435,-12.4698]]]}},{"type":"Feature","properties":{"ADM0_A3":"PSX","MAPCOLOR7":3},"bbox":[34.927408,31.353435,35.545665,32.532511],"geometry":{"type":"Polygon","coordinates":[[[35.3976,31.4891],[34.9274,31.3534],[34.9705,31.6168],[35.2259,31.7543],[34.9746,31.8666],[35.1839,32.5325],[35.5457,32.394],[35.5453,31.7825],[35.3976,31.4891]]]}},{"type":"Feature","properties":{"ADM0_A3":"GMB","MAPCOLOR7":1},"bbox":[-16.841525,13.130284,-13.844963,13.876492],"geometry":{"type":"Polygon","coordinates":[[[-16.7137,13.595],[-15.6246,13.6236],[-15.3988,13.8604],[-15.0817,13.8765],[-14.687,13.6304],[-14.3767,13.6257],[-14.047,13.7941],[-13.845,13.505],[-14.2777,13.2806],[-14.7122,13.2982],[-15.1412,13.5095],[-15.9313,13.1303],[-16.8415,13.1514],[-16.7137,13.595]]]}},{"type":"Feature","properties":{"ADM0_A3":"TUN","MAPCOLOR7":4},"bbox":[7.524482,30.307556,11.488787,37.349994],"geometry":{"type":"Polygon","coordinates":[[[9.4821,30.3076],[9.0556,32.1027],[8.4391,32.5063],[8.4305,32.7483],[7.6126,33.3441],[7.5245,34.0974],[8.141,34.6551],[8.3764,35.4799],[8.2178,36.4332],[8.421,36.9464],[9.51,37.35],[10.21,37.23],[10.1806,36.724],[11.0289,37.0921],[11.1,36.9],[10.6,36.41],[10.5933,35.9474],[10.9395,35.699],[10.8078,34.8335],[10.1496,34.3308],[10.3397,33.7857],[10.8568,33.7687],[11.1085,33.2933],[11.4888,33.137],[11.4323,32.3689],[9.9502,31.3761],[10.0566,30.9618],[9.97,30.5393],[9.4821,30.3076]]]}},{"type":"Feature","properties":{"ADM0_A3":"DZA","MAPCOLOR7":5},"bbox":[-8.6844,19.057364,11.999506,37.118381],"geometry":{"type":"Polygon","coordinates":[[[-8.6844,27.3957],[-8.6741,28.8413],[-7.0592,29.5792],[-6.0606,29.7317],[-5.2421,30.0004],[-4.8596,30.5012],[-3.6904,30.897],[-3.6475,31.6373],[-3.069,31.7245],[-2.6166,32.0943],[-1.3079,32.2629],[-1.1246,32.6515],[-1.388,32.864],[-1.7335,33.9197],[-1.793,34.5279],[-2.1699,35.1684],[-1.2086,35.7148],[-0.1275,35.8887],[0.5039,36.3013],[1.4669,36.6056],[4.8158,36.865],[5.3201,36.7165],[6.2618,37.1107],[7.3304,37.1184],[7.7371,36.8857],[8.421,36.9464],[8.2178,36.4332],[8.3764,35.4799],[8.141,34.6551],[7.5245,34.0974],[7.6126,33.3441],[8.4305,32.7483],[8.4391,32.5063],[9.0556,32.1027],[9.8056,29.4246],[9.86,28.96],[9.6291,27.141],[9.7163,26.5122],[9.3194,26.0943],[9.9107,25.3655],[9.9483,24.937],[10.3038,24.3793],[10.7714,24.5625],[11.5607,24.0979],[11.9995,23.4717],[8.5729,21.5657],[5.6776,19.6012],[4.2674,19.1553],[3.1581,19.0574],[3.1467,19.6936],[2.061,20.1422],[1.8232,20.6108],[-8.6844,27.3957]]]}},{"type":"Feature","properties":{"ADM0_A3":"JOR","MAPCOLOR7":5},"bbox":[34.922603,29.197495,39.195468,33.378686],"geometry":{"type":"Polygon","coordinates":[[[35.5457,32.394],[35.7199,32.7092],[36.8341,32.3129],[38.7923,33.3787],[39.1955,32.161],[39.0049,32.0102],[37.0022,31.5084],[37.9988,30.5085],[37.6681,30.3387],[37.5036,30.0038],[36.7405,29.8653],[36.5012,29.5053],[36.0689,29.1975],[34.956,29.3566],[34.9226,29.5013],[35.4209,31.1001],[35.5457,32.394]]]}},{"type":"Feature","properties":{"ADM0_A3":"ARE","MAPCOLOR7":2},"bbox":[51.579519,22.496948,56.396847,26.055464],"geometry":{"type":"Polygon","coordinates":[[[51.5795,24.2455],[51.7574,24.2941],[51.7944,24.0198],[52.5771,24.1774],[54.008,24.1218],[56.0708,26.0555],[56.261,25.7146],[56.3968,24.9247],[55.8862,24.9208],[55.8041,24.2696],[55.9812,24.1305],[55.5286,23.9336],[55.5258,23.5249],[55.2345,23.111],[55.2083,22.7083],[55.0068,22.4969],[52.0007,23.0012],[51.5795,24.2455]]]}},{"type":"Feature","properties":{"ADM0_A3":"QAT","MAPCOLOR7":3},"bbox":[50.743911,24.556331,51.6067,26.114582],"geometry":{"type":"Polygon","coordinates":[[[50.8101,24.7547],[50.7439,25.4824],[51.0134,26.007],[51.2865,26.1146],[51.5891,25.8011],[51.6067,25.2157],[51.3896,24.6274],[51.1124,24.5563],[50.8101,24.7547]]]}},{"type":"Feature","properties":{"ADM0_A3":"KWT","MAPCOLOR7":2},"bbox":[46.568713,28.526063,48.416094,30.05907],"geometry":{"type":"Polygon","coordinates":[[[47.9745,29.9758],[48.1832,29.5345],[48.0939,29.3063],[48.4161,28.552],[47.7089,28.5261],[47.4598,29.0025],[46.5687,29.099],[47.3026,30.0591],[47.9745,29.9758]]]}},{"type":"Feature","properties":{"ADM0_A3":"IRQ","MAPCOLOR7":1},"bbox":[38.792341,29.099025,48.567971,37.385264],"geometry":{"type":"Polygon","coordinates":[[[39.1955,32.161],[38.7923,33.3787],[41.0062,34.4194],[41.384,35.6283],[41.2897,36.3588],[41.8371,36.6059],[42.3496,37.2299],[42.7791,37.3853],[43.9423,37.2562],[44.2935,37.0015],[44.7727,37.1704],[45.4206,35.9775],[46.0763,35.6774],[46.1518,35.0933],[45.6485,34.7481],[45.4167,33.9678],[46.1094,33.0173],[47.3347,32.4692],[47.8492,31.7092],[47.6853,30.9849],[48.0047,30.9851],[48.0146,30.4525],[48.568,29.9268],[47.3026,30.0591],[46.5687,29.099],[44.7095,29.1789],[41.89,31.19],[40.4,31.89],[39.1955,32.161]]]}},{"type":"Feature","properties":{"ADM0_A3":"OMN","MAPCOLOR7":1},"bbox":[52.00001,16.651051,59.80806,26.395934],"geometry":{"type":"MultiPolygon","coordinates":[[[[55.2083,22.7083],[55.2345,23.111],[55.5258,23.5249],[55.5286,23.9336],[55.9812,24.1305],[55.8041,24.2696],[55.8862,24.9208],[56.3968,24.9247],[56.8451,24.2417],[57.4035,23.8786],[58.7292,23.5657],[59.4501,22.6603],[59.8081,22.5336],[59.8061,22.3105],[59.2824,21.4339],[58.8611,21.114],[58.488,20.429],[58.0343,20.4814],[57.8264,20.243],[57.6658,19.736],[57.7887,19.0676],[57.6944,18.9447],[57.2343,18.948],[56.6097,18.5743],[56.5122,18.0871],[56.2835,17.8761],[55.6615,17.8841],[55.2699,17.6323],[55.2749,17.2284],[54.791,16.9507],[54.2393,17.045],[53.5705,16.7077],[53.1086,16.6511],[52.0,19.0],[55.0,20.0],[55.6667,22.0],[55.2083,22.7083]]],[[[56.261,25.7146],[56.0708,26.0555],[56.362,26.3959],[56.4857,26.3091],[56.3914,25.896],[56.261,25.7146]]]]}},{"type":"Feature","properties":{"ADM0_A3":"VUT","MAPCOLOR7":6},"bbox":[166.629137,-16.59785,167.844877,-14.626497],"geometry":{"type":"MultiPolygon","coordinates":[[[[167.2168,-15.8918],[167.8449,-16.4663],[167.5152,-16.5979],[167.18,-16.16],[167.2168,-15.8918]]],[[[166.7932,-15.6688],[166.6499,-15.3927],[166.6291,-14.6265],[167.1077,-14.9339],[167.27,-15.74],[167.0012,-15.6146],[166.7932,-15.6688]]]]}},{"type":"Feature","properties":{"ADM0_A3":"KHM","MAPCOLOR7":6},"bbox":[102.348099,10.486544,107.614548,14.570584],"geometry":{"type":"Polygon","coordinates":[[[102.5849,12.1866],[102.3481,13.3942],[102.9884,14.2257],[104.2814,14.4167],[105.2188,14.2732],[106.0439,13.8811],[106.4964,14.5706],[107.3827,14.2024],[107.6145,13.5355],[107.4914,12.3372],[105.8105,11.5676],[106.2497,10.9618],[105.1999,10.8893],[104.3343,10.4865],[103.4973,10.6326],[103.0907,11.1537],[102.5849,12.1866]]]}},{"type":"Feature","properties":{"ADM0_A3":"THA","MAPCOLOR7":3},"bbox":[97.375896,5.691384,105.589039,20.41785],"geometry":{"type":"Polygon","coordinates":[[[105.2188,14.2732],[104.2814,14.4167],[102.9884,14.2257],[102.3481,13.3942],[102.5849,12.1866],[101.6872,12.6457],[100.8318,12.6271],[100.9785,13.4127],[100.0978,13.4069],[100.0187,12.307],[99.1538,9.9631],[99.2224,9.2393],[99.8738,9.2079],[100.2796,8.2952],[100.4593,7.4296],[101.0173,6.8569],[101.6231,6.7406],[102.1412,6.2216],[101.8143,5.8108],[101.1542,5.6914],[101.0755,6.2049],[100.2596,6.6428],[100.0858,6.4645],[99.6907,6.8482],[99.5196,7.3435],[98.5038,8.3823],[98.3397,7.7945],[98.15,8.35],[98.5536,9.933],[99.5873,11.8928],[99.1964,12.8047],[99.0978,13.8275],[98.4308,14.622],[98.1921,15.1237],[98.5374,15.3085],[98.9033,16.1778],[97.8591,17.5679],[97.3759,18.4454],[97.7978,18.6271],[98.2537,19.7082],[98.9597,19.753],[99.5433,20.1866],[100.116,20.4179],[100.5489,20.1092],[100.6063,19.5083],[101.282,19.4626],[101.0359,18.4089],[101.0595,17.5125],[102.1136,18.1091],[102.413,17.9328],[102.9987,17.9617],[103.2002,18.3096],[103.9565,18.241],[104.7169,17.4289],[104.7793,16.4419],[105.589,15.5703],[105.5443,14.7239],[105.2188,14.2732]]]}},{"type":"Feature","properties":{"ADM0_A3":"LAO","MAPCOLOR7":1},"bbox":[100.115988,13.881091,107.564525,22.464753],"geometry":{"type":"Polygon","coordinates":[[[107.3827,14.2024],[106.4964,14.5706],[106.0439,13.8811],[105.2188,14.2732],[105.5443,14.7239],[105.589,15.5703],[104.7793,16.4419],[104.7169,17.4289],[103.9565,18.241],[103.2002,18.3096],[102.9987,17.9617],[102.413,17.9328],[102.1136,18.1091],[101.0595,17.5125],[101.0359,18.4089],[101.282,19.4626],[100.6063,19.5083],[100.5489,20.1092],[100.116,20.4179],[100.3291,20.7861],[101.18,21.4366],[101.27,21.2017],[101.8031,21.1744],[101.652,22.3182],[102.1704,22.4648],[102.7549,21.6751],[103.2039,20.7666],[104.435,20.7587],[104.8226,19.8866],[104.1834,19.6247],[103.8965,19.2652],[105.0946,18.667],[106.556,16.6043],[107.3127,15.9085],[107.5645,15.2022],[107.3827,14.2024]]]}},{"type":"Feature","properties":{"ADM0_A3":"MMR","MAPCOLOR7":2},"bbox":[92.303234,9.93296,101.180005,28.335945],"geometry":{"type":"Polygon","coordinates":[[[100.116,20.4179],[99.5433,20.1866],[98.9597,19.753],[98.2537,19.7082],[97.7978,18.6271],[97.3759,18.4454],[97.8591,17.5679],[98.9033,16.1778],[98.5374,15.3085],[98.1921,15.1237],[98.4308,14.622],[99.0978,13.8275],[99.1964,12.8047],[99.5873,11.8928],[98.5536,9.933],[98.4572,10.6753],[98.7645,11.4413],[98.4283,12.033],[98.5096,13.1224],[98.1036,13.6405],[97.7777,14.8373],[97.5971,16.1006],[97.1645,16.9287],[95.3694,15.7144],[94.1888,16.0379],[94.5335,17.2772],[94.3248,18.2135],[93.541,19.3665],[93.6633,19.727],[93.0783,19.8551],[92.3686,20.6709],[92.3032,21.4755],[92.6523,21.324],[92.6727,22.0412],[93.1661,22.2785],[93.0603,22.7031],[93.2863,23.0437],[93.3252,24.0786],[94.1067,23.8507],[94.5527,24.6752],[94.6032,25.1625],[95.1552,26.0013],[95.1248,26.5736],[96.4194,27.2646],[97.134,27.0838],[97.052,27.6991],[97.4026,27.8825],[97.3271,28.2616],[97.912,28.3359],[98.2462,27.7472],[98.6827,27.5088],[98.6718,25.9187],[97.7246,25.0836],[97.6047,23.8974],[98.6603,24.0633],[98.8987,23.1427],[99.532,22.949],[99.2409,22.1183],[100.4165,21.5588],[101.15,21.85],[101.18,21.4366],[100.3291,20.7861],[100.116,20.4179]]]}},{"type":"Feature","properties":{"ADM0_A3":"VNM","MAPCOLOR7":5},"bbox":[102.170436,8.59976,109.33527,23.352063],"geometry":{"type":"Polygon","coordinates":[[[104.3343,10.4865],[105.1999,10.8893],[106.2497,10.9618],[105.8105,11.5676],[107.4914,12.3372],[107.6145,13.5355],[107.3827,14.2024],[107.5645,15.2022],[107.3127,15.9085],[106.556,16.6043],[105.0946,18.667],[103.8965,19.2652],[104.1834,19.6247],[104.8226,19.8866],[104.435,20.7587],[103.2039,20.7666],[102.7549,21.6751],[102.1704,22.4648],[102.707,22.7088],[104.4769,22.8192],[105.3292,23.3521],[105.8112,22.9769],[106.7254,22.7943],[106.5673,22.2182],[107.0434,21.8119],[108.0502,21.5524],[106.7151,20.6969],[105.8817,19.7521],[105.662,19.0582],[107.362,16.6975],[108.2695,16.0797],[108.8771,15.2767],[109.3353,13.426],[109.2001,11.6669],[108.3661,11.0083],[107.2209,10.3645],[106.4051,9.5308],[105.1583,8.5998],[104.7952,9.241],[105.0762,9.9185],[104.3343,10.4865]]]}},{"type":"Feature","properties":{"ADM0_A3":"PRK","MAPCOLOR7":3},"bbox":[124.265625,37.669071,130.780007,42.985387],"geometry":{"type":"MultiPolygon","coordinates":[[[[130.78,42.22],[130.78,42.22],[130.78,42.22],[130.78,42.22]]],[[[130.64,42.395],[130.78,42.22],[130.4,42.28],[129.6674,41.6011],[129.7052,40.8828],[129.1881,40.6618],[128.6334,40.1898],[127.9674,40.0254],[127.5334,39.7569],[127.5021,39.3239],[127.3854,39.2135],[128.3497,38.6122],[128.2057,38.3704],[127.0733,38.2561],[126.6837,37.8048],[126.2373,37.8404],[126.1748,37.7497],[125.6891,37.94],[125.5684,37.7521],[125.2753,37.6691],[125.2401,37.8572],[124.7122,38.1083],[124.986,38.5485],[125.2219,38.6659],[125.1329,38.8486],[125.3866,39.388],[125.3211,39.5514],[124.7375,39.6603],[124.2656,39.9285],[125.0799,40.5698],[126.182,41.1073],[126.8691,41.8166],[127.3438,41.5032],[128.2084,41.4668],[128.0522,41.9943],[129.5967,42.425],[129.9943,42.9854],[130.64,42.395]]]]}},{"type":"Feature","properties":{"ADM0_A3":"KOR","MAPCOLOR7":4},"bbox":[126.117398,34.390046,129.468304,38.612243],"geometry":{"type":"Polygon","coordinates":[[[126.1748,37.7497],[126.2373,37.8404],[126.6837,37.8048],[127.0733,38.2561],[128.2057,38.3704],[128.3497,38.6122],[129.2129,37.4324],[129.4605,36.7842],[129.4683,35.6321],[129.0914,35.0825],[128.1858,34.8904],[127.3865,34.4757],[126.4857,34.39],[126.3739,34.9346],[126.5592,35.6845],[126.1174,36.7255],[126.8601,36.8939],[126.1748,37.7497]]]}},{"type":"Feature","properties":{"ADM0_A3":"MNG","MAPCOLOR7":3},"bbox":[87.751264,41.59741,119.772824,52.047366],"geometry":{"type":"Polygon","coordinates":[[[87.7513,49.2972],[88.8056,49.4705],[90.7137,50.3318],[92.2347,50.8022],[93.1042,50.4953],[94.1476,50.4805],[94.8159,50.0134],[95.814,49.9775],[97.2598,49.7261],[98.2318,50.4224],[97.8257,51.011],[98.8615,52.0474],[99.9817,51.634],[102.0652,51.2599],[102.2559,50.5106],[103.6765,50.09],[105.8866,50.406],[106.8888,50.2743],[107.8682,49.7937],[108.4752,49.2825],[110.662,49.1301],[111.5812,49.378],[112.8977,49.5436],[114.3625,50.2483],[114.9621,50.1402],[115.4857,49.8052],[116.6788,49.8885],[115.4853,48.1354],[115.7428,47.7265],[116.309,47.8534],[117.2955,47.6977],[118.0641,48.0667],[118.8666,47.7471],[119.7728,47.0481],[119.6633,46.6927],[118.8743,46.8054],[117.4217,46.6727],[116.7179,46.3882],[115.9851,45.7272],[114.4603,45.3398],[113.4639,44.8089],[111.8733,45.1021],[111.3484,44.4574],[111.8296,43.7431],[111.1297,43.4068],[110.4121,42.8712],[109.2436,42.5194],[107.7448,42.4815],[106.1293,42.1343],[104.965,41.5974],[104.5223,41.9083],[103.3123,41.9075],[101.833,42.5149],[100.8459,42.6638],[99.5158,42.5247],[97.4518,42.7489],[96.3494,42.7256],[95.7625,43.3194],[95.3069,44.2413],[94.6889,44.3523],[93.4807,44.9755],[90.9455,45.2861],[90.5858,45.7197],[90.9708,46.8881],[90.2808,47.6935],[88.8543,48.0691],[88.0138,48.5995],[87.7513,49.2972]]]}},{"type":"Feature","properties":{"ADM0_A3":"IND","MAPCOLOR7":1},"bbox":[68.176645,7.965535,97.402561,35.49401],"geometry":{"type":"Polygon","coordinates":[[[97.3271,28.2616],[97.4026,27.8825],[97.052,27.6991],[97.134,27.0838],[96.4194,27.2646],[95.1248,26.5736],[95.1552,26.0013],[94.6032,25.1625],[94.5527,24.6752],[94.1067,23.8507],[93.3252,24.0786],[93.2863,23.0437],[93.0603,22.7031],[93.1661,22.2785],[92.6727,22.0412],[92.146,23.6275],[91.8699,23.6243],[91.7065,22.9853],[91.159,23.5035],[91.4677,24.0726],[91.9151,24.1304],[92.3762,24.9767],[91.7996,25.1474],[90.8722,25.1326],[89.9207,25.2697],[89.8325,25.9651],[89.3551,26.0144],[88.563,26.4465],[88.2098,25.7681],[88.9316,25.2387],[88.3064,24.8661],[88.0844,24.5017],[88.6999,24.2337],[88.5298,23.6311],[88.8763,22.8791],[89.032,22.0557],[88.8888,21.6906],[88.2085,21.7032],[86.9757,21.4956],[87.0332,20.7433],[86.4994,20.1516],[85.0603,19.4786],[83.941,18.302],[82.1928,17.0166],[82.1912,16.5567],[80.792,15.952],[80.3249,15.8992],[80.0251,15.1364],[80.2863,13.0063],[79.8625,12.0562],[79.858,10.3573],[79.3405,10.3089],[78.8853,9.5461],[79.1897,9.2165],[78.2779,8.933],[77.9412,8.253],[77.5399,7.9655],[76.593,8.8993],[75.7465,11.3083],[74.8648,12.7419],[74.4439,14.6172],[73.5342,15.9907],[72.8209,19.2082],[72.8245,20.4195],[72.6305,21.356],[71.1753,20.7574],[70.4705,20.8773],[69.1641,22.0893],[69.6449,22.4508],[69.3496,22.8432],[68.1766,23.692],[68.8426,24.3591],[71.0432,24.3565],[70.8447,25.2151],[70.2829,25.7222],[70.1689,26.4919],[69.5144,26.941],[70.6165,27.9892],[71.7777,27.9132],[72.8238,28.9616],[73.4506,29.9764],[74.4214,30.9798],[74.4059,31.6926],[75.2586,32.2711],[74.4516,32.7649],[73.7499,34.3177],[74.2402,34.7489],[75.7571,34.5049],[76.8717,34.6535],[77.8375,35.494],[78.9123,34.3219],[78.8111,33.5062],[79.2089,32.9944],[79.1761,32.4838],[78.4584,32.6182],[78.7389,31.5159],[81.1113,30.1835],[80.4767,29.7299],[80.0884,28.7945],[83.3042,27.3645],[84.675,27.2349],[85.2518,26.7262],[87.2275,26.3979],[88.0602,26.4146],[88.1748,26.8104],[88.0431,27.4458],[88.1204,27.8765],[88.7303,28.0869],[88.8356,27.099],[89.7445,26.7194],[90.3733,26.8757],[92.0335,26.8383],[92.1037,27.4526],[91.6967,27.7717],[92.5031,27.8969],[93.4133,28.6406],[94.566,29.2774],[95.4048,29.0317],[96.1177,29.4528],[96.5866,28.831],[96.2488,28.411],[97.3271,28.2616]]]}},{"type":"Feature","properties":{"ADM0_A3":"BGD","MAPCOLOR7":3},"bbox":[88.084422,20.670883,92.672721,26.446526],"geometry":{"type":"Polygon","coordinates":[[[92.6727,22.0412],[92.6523,21.324],[92.3032,21.4755],[92.3686,20.6709],[92.0829,21.1922],[91.8349,22.1829],[91.4171,22.765],[90.496,22.805],[90.587,22.3928],[90.273,21.8364],[89.8475,22.0391],[89.702,21.8571],[89.032,22.0557],[88.8763,22.8791],[88.5298,23.6311],[88.6999,24.2337],[88.0844,24.5017],[88.3064,24.8661],[88.9316,25.2387],[88.2098,25.7681],[88.563,26.4465],[89.3551,26.0144],[89.8325,25.9651],[89.9207,25.2697],[90.8722,25.1326],[91.7996,25.1474],[92.3762,24.9767],[91.9151,24.1304],[91.4677,24.0726],[91.159,23.5035],[91.7065,22.9853],[91.8699,23.6243],[92.146,23.6275],[92.6727,22.0412]]]}},{"type":"Feature","properties":{"ADM0_A3":"BTN","MAPCOLOR7":5},"bbox":[88.814248,26.719403,92.103712,28.296439],"geometry":{"type":"Polygon","coordinates":[[[91.6967,27.7717],[92.1037,27.4526],[92.0335,26.8383],[90.3733,26.8757],[89.7445,26.7194],[88.8356,27.099],[88.8142,27.2993],[89.4758,28.0428],[90.0158,28.2964],[90.7305,28.065],[91.2589,28.0406],[91.6967,27.7717]]]}},{"type":"Feature","properties":{"ADM0_A3":"NPL","MAPCOLOR7":2},"bbox":[80.088425,26.397898,88.174804,30.422717],"geometry":{"type":"Polygon","coordinates":[[[88.1204,27.8765],[88.0431,27.4458],[88.1748,26.8104],[88.0602,26.4146],[87.2275,26.3979],[85.2518,26.7262],[84.675,27.2349],[83.3042,27.3645],[80.0884,28.7945],[80.4767,29.7299],[81.5258,30.4227],[82.3275,30.1153],[83.3371,29.4637],[83.899,29.3202],[84.2346,28.8399],[85.0116,28.6428],[85.8233,28.2036],[88.1204,27.8765]]]}},{"type":"Feature","properties":{"ADM0_A3":"PAK","MAPCOLOR7":2},"bbox":[60.874248,23.691965,77.837451,37.133031],"geometry":{"type":"Polygon","coordinates":[[[77.8375,35.494],[76.8717,34.6535],[75.7571,34.5049],[74.2402,34.7489],[73.7499,34.3177],[74.4516,32.7649],[75.2586,32.2711],[74.4059,31.6926],[74.4214,30.9798],[73.4506,29.9764],[72.8238,28.9616],[71.7777,27.9132],[70.6165,27.9892],[69.5144,26.941],[70.1689,26.4919],[70.2829,25.7222],[70.8447,25.2151],[71.0432,24.3565],[68.8426,24.3591],[68.1766,23.692],[67.4437,23.9448],[67.1454,24.6636],[66.3728,25.4251],[61.4974,25.0782],[61.8742,26.24],[63.3166,26.7565],[63.2339,27.217],[62.7554,27.3789],[62.7278,28.2596],[61.7719,28.6993],[60.8742,29.8292],[62.5499,29.3186],[63.5503,29.4683],[64.148,29.3408],[64.3504,29.56],[65.0469,29.4722],[66.3465,29.8879],[66.3815,30.7389],[66.9389,31.3049],[67.6834,31.3032],[67.7927,31.5829],[68.5569,31.7133],[68.9267,31.6202],[69.3178,31.9014],[69.2625,32.5019],[69.6871,33.1055],[70.3236,33.3585],[69.9305,34.0201],[70.8818,33.9889],[71.1568,34.3489],[71.115,34.7331],[71.6131,35.1532],[71.2623,36.0744],[71.8463,36.5099],[74.0676,36.8362],[75.158,37.133],[75.8969,36.6668],[76.1928,35.8984],[77.8375,35.494]]]}},{"type":"Feature","properties":{"ADM0_A3":"AFG","MAPCOLOR7":5},"bbox":[60.52843,29.318572,75.158028,38.486282],"geometry":{"type":"Polygon","coordinates":[[[66.5186,37.3628],[67.0758,37.3561],[68.1356,37.0231],[68.8594,37.3443],[69.1963,37.1511],[69.5188,37.609],[70.1166,37.5882],[70.2706,37.7352],[70.3763,38.1384],[70.8068,38.4863],[71.3481,38.2589],[71.2394,37.9533],[71.5419,37.9058],[71.4487,37.0656],[71.8446,36.7382],[72.6369,37.0476],[73.2601,37.4953],[74.98,37.42],[75.158,37.133],[74.0676,36.8362],[71.8463,36.5099],[71.2623,36.0744],[71.6131,35.1532],[71.115,34.7331],[71.1568,34.3489],[70.8818,33.9889],[69.9305,34.0201],[70.3236,33.3585],[69.6871,33.1055],[69.2625,32.5019],[69.3178,31.9014],[68.9267,31.6202],[68.5569,31.7133],[67.7927,31.5829],[67.6834,31.3032],[66.9389,31.3049],[66.3815,30.7389],[66.3465,29.8879],[65.0469,29.4722],[64.3504,29.56],[64.148,29.3408],[63.5503,29.4683],[62.5499,29.3186],[60.8742,29.8292],[61.7812,30.7358],[61.6993,31.3795],[60.9419,31.5481],[60.8637,32.1829],[60.5361,32.9813],[60.9637,33.5288],[60.5284,33.6764],[61.2108,35.6501],[62.2307,35.2707],[62.9847,35.404],[63.1935,35.8572],[63.9829,36.008],[64.5465,36.3121],[64.7461,37.1118],[65.5889,37.3052],[65.7456,37.6612],[66.2174,37.3938],[66.5186,37.3628]]]}},{"type":"Feature","properties":{"ADM0_A3":"TJK","MAPCOLOR7":3},"bbox":[67.44222,36.738171,74.980002,40.960213],"geometry":{"type":"Polygon","coordinates":[[[67.83,37.145],[68.392,38.157],[68.176,38.9016],[67.4422,39.1401],[67.7014,39.5805],[68.5364,39.5335],[69.0116,40.0862],[69.3295,40.7278],[70.6666,40.9602],[70.4582,40.4965],[70.6014,40.2185],[71.0142,40.2444],[70.648,39.9358],[69.5596,40.1032],[69.4649,39.5267],[70.5492,39.6042],[71.7847,39.2795],[73.6754,39.4312],[73.9289,38.5058],[74.2575,38.6065],[74.8648,38.3788],[74.83,37.99],[74.98,37.42],[73.2601,37.4953],[72.6369,37.0476],[71.8446,36.7382],[71.4487,37.0656],[71.5419,37.9058],[71.2394,37.9533],[71.3481,38.2589],[70.8068,38.4863],[70.3763,38.1384],[70.2706,37.7352],[70.1166,37.5882],[69.5188,37.609],[69.1963,37.1511],[68.8594,37.3443],[68.1356,37.0231],[67.83,37.145]]]}},{"type":"Feature","properties":{"ADM0_A3":"KGZ","MAPCOLOR7":5},"bbox":[69.464887,39.279463,80.25999,43.298339],"geometry":{"type":"Polygon","coordinates":[[[70.9623,42.2662],[71.1863,42.7043],[71.8446,42.8454],[73.4898,42.5009],[73.6453,43.0913],[74.2129,43.2983],[75.637,42.8779],[76.0004,42.988],[79.1422,42.8561],[79.6436,42.4967],[80.26,42.35],[80.1194,42.1239],[78.5437,41.5822],[78.1872,41.1853],[76.9045,41.0665],[76.5264,40.4279],[75.4678,40.5621],[74.7769,40.3664],[73.8222,39.894],[73.96,39.66],[73.6754,39.4312],[71.7847,39.2795],[70.5492,39.6042],[69.4649,39.5267],[69.5596,40.1032],[70.648,39.9358],[71.0142,40.2444],[71.7749,40.1458],[73.0554,40.866],[71.8701,41.3929],[71.1579,41.1436],[70.42,41.52],[71.2592,42.1677],[70.9623,42.2662]]]}},{"type":"Feature","properties":{"ADM0_A3":"TKM","MAPCOLOR7":3},"bbox":[52.50246,35.270664,66.54615,42.751551],"geometry":{"type":"Polygon","coordinates":[[[52.5025,41.7833],[52.9443,42.116],[54.0794,42.3241],[54.7553,42.044],[55.4553,41.2599],[57.0964,41.3223],[56.9322,41.826],[57.7865,42.1706],[58.629,42.7516],[59.9764,42.2231],[60.0833,41.4251],[60.466,41.2203],[61.5472,41.2664],[61.8827,41.0849],[62.3743,40.0539],[64.1702,38.8924],[65.216,38.4027],[66.5461,37.9747],[66.5186,37.3628],[66.2174,37.3938],[65.7456,37.6612],[65.5889,37.3052],[64.7461,37.1118],[64.5465,36.3121],[63.9829,36.008],[63.1935,35.8572],[62.9847,35.404],[62.2307,35.2707],[61.2108,35.6501],[61.1231,36.4916],[60.3776,36.5274],[59.2348,37.413],[58.4362,37.5223],[57.3304,38.0292],[56.6194,38.1214],[56.1804,37.9351],[55.5116,37.9641],[54.8003,37.3924],[53.9216,37.1989],[53.7355,37.9061],[53.8809,38.9521],[53.101,39.2906],[53.3578,39.9753],[52.694,40.0336],[52.9153,40.8765],[53.8581,40.631],[54.7368,40.951],[54.0083,41.5512],[53.7217,42.1232],[52.9168,41.8681],[52.8147,41.1354],[52.5025,41.7833]]]}},{"type":"Feature","properties":{"ADM0_A3":"IRN","MAPCOLOR7":4},"bbox":[44.109225,25.078237,63.316632,39.713003],"geometry":{"type":"Polygon","coordinates":[[[48.568,29.9268],[48.0146,30.4525],[48.0047,30.9851],[47.6853,30.9849],[47.8492,31.7092],[47.3347,32.4692],[46.1094,33.0173],[45.4167,33.9678],[45.6485,34.7481],[46.1518,35.0933],[46.0763,35.6774],[45.4206,35.9775],[44.2258,37.9716],[44.4214,38.2813],[44.1092,39.4281],[44.794,39.713],[44.9527,39.3358],[45.4577,38.8741],[46.1436,38.7412],[46.5057,38.7706],[47.6851,39.5084],[48.0601,39.5822],[48.3555,39.2888],[48.0107,38.794],[48.6344,38.2704],[48.8832,38.3202],[49.1996,37.5829],[50.1478,37.3746],[50.8424,36.8728],[52.264,36.7004],[53.8258,36.965],[53.9216,37.1989],[54.8003,37.3924],[55.5116,37.9641],[56.1804,37.9351],[56.6194,38.1214],[57.3304,38.0292],[58.4362,37.5223],[59.2348,37.413],[60.3776,36.5274],[61.1231,36.4916],[61.2108,35.6501],[60.5284,33.6764],[60.9637,33.5288],[60.5361,32.9813],[60.8637,32.1829],[60.9419,31.5481],[61.6993,31.3795],[61.7812,30.7358],[60.8742,29.8292],[61.7719,28.6993],[62.7278,28.2596],[62.7554,27.3789],[63.2339,27.217],[63.3166,26.7565],[61.8742,26.24],[61.4974,25.0782],[57.3973,25.7399],[56.9708,26.9661],[56.4921,27.1433],[55.7237,26.9646],[54.7151,26.4807],[53.4931,26.8124],[52.4836,27.5808],[51.5208,27.8657],[50.115,30.1478],[49.5769,29.9857],[48.9413,30.3171],[48.568,29.9268]]]}},{"type":"Feature","properties":{"ADM0_A3":"SYR","MAPCOLOR7":2},"bbox":[35.700798,32.312938,42.349591,37.229873],"geometry":{"type":"Polygon","coordinates":[[[35.7199,32.7092],[36.0665,33.8249],[36.6118,34.2018],[36.4482,34.5939],[35.9984,34.6449],[35.905,35.41],[36.1498,35.8215],[36.6854,36.2597],[36.7395,36.8175],[37.0668,36.623],[38.1677,36.9012],[38.6999,36.7129],[39.5226,36.7161],[40.6733,37.0913],[42.3496,37.2299],[41.8371,36.6059],[41.2897,36.3588],[41.384,35.6283],[41.0062,34.4194],[36.8341,32.3129],[35.7199,32.7092]]]}},{"type":"Feature","properties":{"ADM0_A3":"ARM","MAPCOLOR7":3},"bbox":[43.582746,38.741201,46.50572,41.248129],"geometry":{"type":"Polygon","coordinates":[[[46.5057,38.7706],[46.1436,38.7412],[45.7354,39.3197],[45.74,39.474],[45.2981,39.4718],[45.002,39.74],[44.794,39.713],[44.4,40.005],[43.6564,40.2536],[43.7527,40.7402],[43.5827,41.0921],[44.9725,41.2481],[45.1795,40.9854],[45.5604,40.8123],[45.3592,40.5615],[45.8919,40.2185],[45.61,39.9],[46.4835,39.4642],[46.5057,38.7706]]]}},{"type":"Feature","properties":{"ADM0_A3":"SWE","MAPCOLOR7":1},"bbox":[11.027369,55.361737,23.903379,69.106247],"geometry":{"type":"Polygon","coordinates":[[[11.0274,58.8561],[11.4683,59.4324],[12.3004,60.1179],[12.6311,61.2936],[11.9921,61.8004],[11.9306,63.1283],[12.5799,64.0662],[13.5719,64.0491],[13.9199,64.4454],[13.5557,64.787],[15.1084,66.1939],[16.7689,68.0139],[17.7292,68.0106],[17.9939,68.5674],[19.8786,68.4072],[20.0253,69.0651],[20.6456,69.1062],[23.5395,67.936],[23.5659,66.3961],[23.9034,66.0069],[22.1832,65.7237],[21.2135,65.026],[21.3696,64.4136],[17.8478,62.7494],[17.1196,61.3412],[17.8313,60.6366],[18.7877,60.0819],[17.8692,58.9538],[16.8292,58.7198],[16.4477,57.0411],[15.8798,56.1043],[14.6667,56.2009],[14.1007,55.4078],[12.9429,55.3617],[12.6251,56.3071],[11.7879,57.4418],[11.0274,58.8561]]]}},{"type":"Feature","properties":{"ADM0_A3":"BLR","MAPCOLOR7":1},"bbox":[23.199494,51.319503,32.693643,56.16913],"geometry":{"type":"Polygon","coordinates":[[[28.1767,56.1691],[29.2295,55.9183],[29.3716,55.6701],[29.8963,55.7895],[30.8739,55.551],[30.9718,55.0815],[30.7575,54.8118],[31.3845,54.1571],[31.7914,53.9746],[31.7313,53.794],[32.4056,53.618],[32.6936,53.3514],[32.3045,53.1327],[31.4976,53.1674],[31.3052,53.074],[31.786,52.1017],[30.9275,52.0424],[30.6195,51.8228],[30.5551,51.3195],[30.1574,51.4161],[29.2549,51.3682],[28.9928,51.602],[28.6176,51.4277],[28.2416,51.5722],[25.3278,51.9107],[24.5531,51.8885],[24.0051,51.6174],[23.5271,51.5785],[23.508,52.0236],[23.1995,52.487],[23.7992,52.6911],[23.8049,53.0897],[23.5275,53.4701],[23.4841,53.9125],[24.4507,53.9057],[25.5364,54.2824],[25.7684,54.847],[26.5883,55.1672],[26.4943,55.6151],[28.1767,56.1691]]]}},{"type":"Feature","properties":{"ADM0_A3":"UKR","MAPCOLOR7":5},"bbox":[22.085608,45.293308,40.080789,52.335075],"geometry":{"type":"Polygon","coordinates":[[[31.786,52.1017],[32.1594,52.0613],[32.4121,52.2887],[33.7527,52.3351],[34.3917,51.7689],[34.142,51.5664],[34.2248,51.256],[35.0222,51.2076],[35.3779,50.7739],[35.3561,50.5772],[36.6262,50.2256],[37.3935,50.384],[38.0106,49.9157],[38.595,49.9265],[40.069,49.6011],[40.0808,49.3074],[39.6746,48.7838],[39.8956,48.2324],[39.7383,47.8989],[38.7706,47.8256],[38.2551,47.5464],[38.2235,47.1022],[37.4251,47.0222],[36.7599,46.6987],[35.8237,46.646],[34.9623,46.2732],[35.0127,45.7377],[34.732,45.9657],[33.6995,46.2196],[33.436,45.9719],[33.2986,46.0806],[31.7441,46.3333],[31.6753,46.7062],[30.7487,46.5831],[30.3776,46.0324],[29.6033,45.2933],[29.1497,45.4649],[28.6798,45.304],[28.2336,45.4883],[28.4853,45.5969],[28.9337,46.2588],[28.863,46.4379],[29.0721,46.5177],[29.1707,46.3793],[30.0247,46.4239],[29.8382,46.5253],[29.9089,46.6744],[29.5597,46.9286],[29.4151,47.3466],[29.0509,47.5102],[29.1227,47.8491],[28.6709,48.1181],[28.2595,48.1556],[27.5225,48.4671],[26.8578,48.3682],[26.6193,48.2207],[26.1974,48.2209],[25.9459,47.9871],[24.8663,47.7375],[24.4021,47.9819],[23.1422,48.0963],[22.7105,47.8822],[22.6408,48.1502],[22.0856,48.4223],[22.5581,49.0857],[22.7764,49.0274],[22.5185,49.4768],[23.4265,50.3085],[23.9228,50.4249],[24.03,50.7054],[23.5271,51.5785],[24.0051,51.6174],[24.5531,51.8885],[25.3278,51.9107],[28.2416,51.5722],[28.6176,51.4277],[28.9928,51.602],[29.2549,51.3682],[30.1574,51.4161],[30.5551,51.3195],[30.6195,51.8228],[30.9275,52.0424],[31.786,52.1017]]]}},{"type":"Feature","properties":{"ADM0_A3":"POL","MAPCOLOR7":3},"bbox":[14.074521,49.027395,24.029986,54.851536],"geometry":{"type":"Polygon","coordinates":[[[23.4841,53.9125],[23.5275,53.4701],[23.8049,53.0897],[23.7992,52.6911],[23.1995,52.487],[23.508,52.0236],[23.5271,51.5785],[24.03,50.7054],[23.9228,50.4249],[23.4265,50.3085],[22.5185,49.4768],[22.7764,49.0274],[21.6078,49.4701],[20.888,49.3288],[20.4158,49.4315],[19.825,49.2171],[19.3207,49.5716],[18.9096,49.4358],[18.3929,49.9886],[17.6494,50.049],[17.5546,50.3621],[16.8688,50.474],[16.7195,50.2157],[16.1763,50.4226],[16.2386,50.6977],[15.491,50.7847],[15.017,51.1067],[14.6071,51.7452],[14.685,52.0899],[14.4376,52.6249],[14.0745,52.9813],[14.3533,53.2482],[14.1197,53.757],[14.8029,54.0507],[17.6228,54.8515],[18.6209,54.6826],[18.6963,54.4387],[22.7311,54.3275],[23.244,54.2206],[23.4841,53.9125]]]}},{"type":"Feature","properties":{"ADM0_A3":"AUT","MAPCOLOR7":3},"bbox":[9.47997,46.431817,16.979667,49.039074],"geometry":{"type":"Polygon","coordinates":[[[16.9797,48.1235],[16.9038,47.7149],[16.3406,47.7129],[16.5343,47.4962],[16.0117,46.6836],[15.1371,46.6587],[14.6325,46.4318],[12.3765,46.7676],[12.1531,47.1154],[11.1648,46.9416],[11.0486,46.7514],[9.9324,46.9207],[9.48,47.1028],[9.6329,47.3476],[9.5942,47.5251],[9.8961,47.5802],[10.4021,47.3025],[10.5445,47.5664],[11.4264,47.5238],[12.1414,47.7031],[12.6208,47.6724],[12.9326,47.4676],[13.0259,47.6376],[12.8841,48.2891],[13.2434,48.4161],[13.5959,48.8772],[14.3389,48.5553],[14.9014,48.9644],[15.2534,49.0391],[16.0296,48.7339],[16.4993,48.7858],[16.9603,48.597],[16.88,48.47],[16.9797,48.1235]]]}},{"type":"Feature","properties":{"ADM0_A3":"HUN","MAPCOLOR7":4},"bbox":[16.202298,45.759481,22.710531,48.623854],"geometry":{"type":"Polygon","coordinates":[[[22.0856,48.4223],[22.6408,48.1502],[22.7105,47.8822],[22.0998,47.6724],[21.022,46.3161],[20.2202,46.1275],[19.596,46.1717],[18.4561,45.7595],[17.6301,45.9518],[16.5648,46.5038],[16.3705,46.8413],[16.2023,46.8524],[16.5343,47.4962],[16.3406,47.7129],[16.9038,47.7149],[16.9797,48.1235],[17.8571,47.7584],[18.6965,47.881],[18.777,48.0818],[20.2391,48.3276],[20.4736,48.5628],[20.8013,48.6239],[21.8722,48.32],[22.0856,48.4223]]]}},{"type":"Feature","properties":{"ADM0_A3":"MDA","MAPCOLOR7":3},"bbox":[26.619337,45.488283,30.024659,48.467119],"geometry":{"type":"Polygon","coordinates":[[[26.6193,48.2207],[26.8578,48.3682],[27.5225,48.4671],[28.2595,48.1556],[28.6709,48.1181],[29.1227,47.8491],[29.0509,47.5102],[29.4151,47.3466],[29.5597,46.9286],[29.9089,46.6744],[29.8382,46.5253],[30.0247,46.4239],[29.1707,46.3793],[29.0721,46.5177],[28.863,46.4379],[28.9337,46.2588],[28.4853,45.5969],[28.2336,45.4883],[28.0544,45.9446],[28.128,46.8105],[26.9242,48.1233],[26.6193,48.2207]]]}},{"type":"Feature","properties":{"ADM0_A3":"ROU","MAPCOLOR7":1},"bbox":[20.220192,43.688445,29.626543,48.220881],"geometry":{"type":"Polygon","coordinates":[[[28.2336,45.4883],[28.6798,45.304],[29.1497,45.4649],[29.6033,45.2933],[29.6265,45.0354],[29.1416,44.8202],[28.8379,44.9139],[28.5581,43.7075],[27.9701,43.8125],[27.2424,44.176],[26.0652,43.9435],[25.5693,43.6884],[24.1007,43.7411],[23.3323,43.897],[22.9448,43.8238],[22.474,44.4092],[22.7057,44.578],[22.459,44.7025],[22.1451,44.4784],[21.562,44.7689],[21.4835,45.1812],[20.8743,45.4164],[20.7622,45.7346],[20.2202,46.1275],[21.022,46.3161],[22.0998,47.6724],[23.1422,48.0963],[24.4021,47.9819],[24.8663,47.7375],[25.9459,47.9871],[26.1974,48.2209],[26.6193,48.2207],[26.9242,48.1233],[28.128,46.8105],[28.0544,45.9446],[28.2336,45.4883]]]}},{"type":"Feature","properties":{"ADM0_A3":"LTU","MAPCOLOR7":6},"bbox":[21.0558,53.905702,26.588279,56.372528],"geometry":{"type":"Polygon","coordinates":[[[26.4943,55.6151],[26.5883,55.1672],[25.7684,54.847],[25.5364,54.2824],[24.4507,53.9057],[23.4841,53.9125],[23.244,54.2206],[22.7311,54.3275],[22.6511,54.5827],[22.7578,54.8566],[21.2684,55.1905],[21.0558,56.0311],[22.2012,56.3378],[23.8783,56.2737],[24.8607,56.3725],[25.0009,56.1645],[25.533,56.1003],[26.4943,55.6151]]]}},{"type":"Feature","properties":{"ADM0_A3":"LVA","MAPCOLOR7":4},"bbox":[21.0558,55.615107,28.176709,57.970157],"geometry":{"type":"Polygon","coordinates":[[[27.2882,57.4745],[27.77,57.2443],[27.8553,56.7593],[28.1767,56.1691],[26.4943,55.6151],[25.533,56.1003],[25.0009,56.1645],[24.8607,56.3725],[23.8783,56.2737],[22.2012,56.3378],[21.0558,56.0311],[21.0904,56.7839],[21.5819,57.4119],[22.5243,57.7534],[23.3185,57.0062],[24.1207,57.0257],[24.3129,57.7934],[25.1646,57.9702],[26.4635,57.4764],[27.2882,57.4745]]]}},{"type":"Feature","properties":{"ADM0_A3":"EST","MAPCOLOR7":3},"bbox":[23.339795,57.474528,28.131699,59.61109],"geometry":{"type":"Polygon","coordinates":[[[27.9811,59.4754],[28.1317,59.3008],[27.4201,58.7246],[27.7167,57.7919],[27.2882,57.4745],[26.4635,57.4764],[25.1646,57.9702],[24.3129,57.7934],[24.4289,58.3834],[24.0612,58.2574],[23.4266,58.6128],[23.3398,59.1872],[25.8642,59.6111],[26.9491,59.4458],[27.9811,59.4754]]]}},{"type":"Feature","properties":{"ADM0_A3":"DEU","MAPCOLOR7":2},"bbox":[5.988658,47.302488,15.016996,54.983104],"geometry":{"type":"Polygon","coordinates":[[[14.1197,53.757],[14.3533,53.2482],[14.0745,52.9813],[14.4376,52.6249],[14.685,52.0899],[14.6071,51.7452],[15.017,51.1067],[14.5707,51.0023],[14.307,51.1173],[14.0562,50.9269],[12.2401,50.2663],[12.521,49.5474],[13.5959,48.8772],[13.2434,48.4161],[12.8841,48.2891],[13.0259,47.6376],[12.9326,47.4676],[12.6208,47.6724],[12.1414,47.7031],[11.4264,47.5238],[10.5445,47.5664],[10.4021,47.3025],[9.8961,47.5802],[9.5942,47.5251],[8.5226,47.8308],[8.3173,47.6136],[7.4668,47.6206],[7.5937,48.333],[8.0993,49.0178],[6.6582,49.202],[6.1863,49.4638],[6.2428,49.9022],[6.0431,50.1281],[6.1567,50.8037],[5.9887,51.8516],[6.5894,51.852],[6.8429,52.2284],[7.0921,53.144],[6.9051,53.4822],[7.1004,53.6939],[7.9362,53.7483],[8.1217,53.5278],[8.8007,54.0208],[8.5721,54.3956],[8.5262,54.9627],[9.282,54.8309],[9.9219,54.9831],[9.9396,54.5966],[10.9501,54.3636],[10.9395,54.0087],[11.9563,54.1965],[12.5184,54.4704],[13.6475,54.0755],[14.1197,53.757]]]}},{"type":"Feature","properties":{"ADM0_A3":"BGR","MAPCOLOR7":4},"bbox":[22.380526,41.234486,28.558081,44.234923],"geometry":{"type":"Polygon","coordinates":[[[22.6572,44.2349],[22.9448,43.8238],[23.3323,43.897],[24.1007,43.7411],[25.5693,43.6884],[26.0652,43.9435],[27.2424,44.176],[27.9701,43.8125],[28.5581,43.7075],[28.0391,43.2932],[27.6739,42.5779],[27.9967,42.0074],[27.1357,42.1415],[26.117,41.8269],[26.1061,41.3289],[25.1972,41.2345],[24.4926,41.5839],[23.6921,41.3091],[22.9524,41.338],[22.8814,41.9993],[22.3805,42.3203],[22.545,42.4614],[22.4366,42.5803],[22.6048,42.8985],[22.986,43.2112],[22.5002,43.6428],[22.4104,44.0081],[22.6572,44.2349]]]}},{"type":"Feature","properties":{"ADM0_A3":"GRC","MAPCOLOR7":2},"bbox":[20.150016,34.919988,26.604196,41.826905],"geometry":{"type":"MultiPolygon","coordinates":[[[[26.29,35.3],[26.165,35.005],[24.725,34.92],[24.735,35.085],[23.515,35.28],[23.7,35.705],[24.2467,35.368],[25.7692,35.354],[25.745,35.18],[26.29,35.3]]],[[[22.9524,41.338],[23.6921,41.3091],[24.4926,41.5839],[25.1972,41.2345],[26.1061,41.3289],[26.117,41.8269],[26.6042,41.5621],[26.2946,40.9363],[26.0569,40.8241],[24.9258,40.9471],[23.7148,40.6871],[24.408,40.125],[23.9,39.962],[23.343,39.961],[22.814,40.476],[22.6263,40.2566],[22.8497,39.6593],[23.35,39.19],[22.9731,38.9709],[24.025,38.22],[24.04,37.655],[23.115,37.92],[23.41,37.41],[22.775,37.305],[23.1542,36.4225],[22.49,36.41],[21.67,36.845],[21.12,38.3103],[20.2177,39.3402],[20.15,39.625],[20.615,40.11],[20.675,40.435],[21.0,40.58],[21.02,40.8427],[21.6742,40.9313],[22.0554,41.1499],[22.5973,41.1305],[22.9524,41.338]]]]}},{"type":"Feature","properties":{"ADM0_A3":"TUR","MAPCOLOR7":6},"bbox":[26.043351,35.821535,44.79399,42.141485],"geometry":{"type":"MultiPolygon","coordinates":[[[[44.7727,37.1704],[44.2935,37.0015],[43.9423,37.2562],[42.7791,37.3853],[42.3496,37.2299],[40.6733,37.0913],[39.5226,36.7161],[38.6999,36.7129],[38.1677,36.9012],[37.0668,36.623],[36.7395,36.8175],[36.6854,36.2597],[36.1498,35.8215],[35.7821,36.275],[36.1608,36.6506],[35.5509,36.5654],[34.7146,36.7955],[34.0269,36.22],[32.5092,36.1076],[31.6996,36.6443],[30.6216,36.6779],[30.3911,36.263],[29.7,36.1444],[28.7329,36.6768],[27.6412,36.6588],[27.0488,37.6534],[26.3182,38.2081],[26.8047,38.9858],[26.1708,39.4636],[27.28,40.42],[28.82,40.46],[29.24,41.22],[31.1459,41.0876],[32.348,41.7363],[33.5133,42.019],[35.1677,42.0402],[36.9131,41.3354],[38.3477,40.9486],[39.5126,41.1028],[40.3734,41.0137],[41.5541,41.5357],[42.6195,41.5832],[43.5827,41.0921],[43.7527,40.7402],[43.6564,40.2536],[44.4,40.005],[44.794,39.713],[44.1092,39.4281],[44.4214,38.2813],[44.2258,37.9716],[44.7727,37.1704]]],[[[26.117,41.8269],[27.1357,42.1415],[27.9967,42.0074],[28.1155,41.6229],[28.9884,41.2999],[28.8064,41.055],[27.619,40.9998],[26.358,40.152],[26.0434,40.6178],[26.0569,40.8241],[26.2946,40.9363],[26.6042,41.5621],[26.117,41.8269]]]]}},{"type":"Feature","properties":{"ADM0_A3":"ALB","MAPCOLOR7":1},"bbox":[19.304486,39.624998,21.02004,42.688247],"geometry":{"type":"Polygon","coordinates":[[[21.02,40.8427],[21.0,40.58],[20.675,40.435],[20.615,40.11],[20.15,39.625],[19.98,39.695],[19.96,39.915],[19.4061,40.2508],[19.3191,40.7272],[19.54,41.72],[19.3718,41.8775],[19.3045,42.1957],[19.7381,42.6882],[19.8016,42.5001],[20.0707,42.5886],[20.523,42.2179],[20.5902,41.8554],[20.4632,41.5151],[20.6052,41.0862],[21.02,40.8427]]]}},{"type":"Feature","properties":{"ADM0_A3":"HRV","MAPCOLOR7":5},"bbox":[13.656976,42.479991,19.390476,46.503751],"geometry":{"type":"Polygon","coordinates":[[[16.5648,46.5038],[17.6301,45.9518],[18.4561,45.7595],[18.8298,45.9089],[19.3905,45.2365],[19.0055,44.8602],[18.5532,45.0816],[17.8618,45.0677],[17.0021,45.2338],[16.5349,45.2116],[16.3182,45.0041],[15.9594,45.2338],[15.75,44.8187],[16.4564,44.0412],[17.2974,43.4463],[17.6749,43.0286],[18.56,42.65],[18.45,42.48],[16.93,43.21],[16.0154,43.5072],[15.1745,44.2432],[15.3763,44.3179],[14.9203,44.7385],[14.9016,45.0761],[14.2587,45.2338],[13.9523,44.8021],[13.657,45.1369],[13.7151,45.5003],[14.412,45.4662],[14.5951,45.6349],[14.9352,45.4717],[15.3277,45.4523],[15.324,45.7318],[15.6715,45.8342],[15.7687,46.2381],[16.5648,46.5038]]]}},{"type":"Feature","properties":{"ADM0_A3":"CHE","MAPCOLOR7":5},"bbox":[6.022609,45.776948,10.442701,47.830828],"geometry":{"type":"Polygon","coordinates":[[[9.5942,47.5251],[9.6329,47.3476],[9.48,47.1028],[9.9324,46.9207],[10.4427,46.8935],[10.3634,46.4836],[9.9228,46.3149],[9.1829,46.4402],[8.9663,46.0369],[8.49,46.0052],[8.3166,46.1636],[7.756,45.8245],[7.2739,45.7769],[6.8436,45.9911],[6.5001,46.4297],[6.0226,46.273],[6.0374,46.7258],[6.7687,47.2877],[6.7366,47.5418],[7.1922,47.4498],[7.4668,47.6206],[8.3173,47.6136],[8.5226,47.8308],[9.5942,47.5251]]]}},{"type":"Feature","properties":{"ADM0_A3":"LUX","MAPCOLOR7":1},"bbox":[5.674052,49.442667,6.242751,50.128052],"geometry":{"type":"Polygon","coordinates":[[[6.0431,50.1281],[6.2428,49.9022],[6.1863,49.4638],[5.8978,49.4427],[5.6741,49.5295],[5.7824,50.0903],[6.0431,50.1281]]]}},{"type":"Feature","properties":{"ADM0_A3":"BEL","MAPCOLOR7":3},"bbox":[2.513573,49.529484,6.156658,51.475024],"geometry":{"type":"Polygon","coordinates":[[[6.1567,50.8037],[6.0431,50.1281],[5.7824,50.0903],[5.6741,49.5295],[4.7992,49.9854],[4.286,49.9075],[3.1233,50.7804],[2.6584,50.7968],[2.5136,51.1485],[3.315,51.3458],[4.0471,51.2673],[4.974,51.475],[6.1567,50.8037]]]}},{"type":"Feature","properties":{"ADM0_A3":"NLD","MAPCOLOR7":4},"bbox":[3.314971,50.803721,7.092053,53.510403],"geometry":{"type":"Polygon","coordinates":[[[6.9051,53.4822],[7.0921,53.144],[6.8429,52.2284],[6.5894,51.852],[5.9887,51.8516],[6.1567,50.8037],[4.974,51.475],[4.0471,51.2673],[3.315,51.3458],[3.8303,51.6205],[4.706,53.0918],[6.0742,53.5104],[6.9051,53.4822]]]}},{"type":"Feature","properties":{"ADM0_A3":"PRT","MAPCOLOR7":1},"bbox":[-9.526571,36.838269,-6.389088,42.280469],"geometry":{"type":"Polygon","coordinates":[[[-9.0348,41.8806],[-8.2639,42.2805],[-8.0132,41.7909],[-6.6686,41.8834],[-6.3891,41.3818],[-6.8511,41.1111],[-6.864,40.3309],[-7.0264,40.1845],[-7.0666,39.7119],[-7.4986,39.6296],[-7.098,39.0301],[-7.3741,38.3731],[-7.0293,38.0758],[-7.5371,37.4289],[-7.4537,37.0978],[-7.8556,36.8383],[-8.3828,36.9789],[-8.8989,36.8688],[-8.7461,37.6513],[-8.84,38.2662],[-9.2875,38.3585],[-9.5266,38.7374],[-9.447,39.3921],[-9.0483,39.7551],[-8.7687,40.7606],[-8.7909,41.1843],[-9.0348,41.8806]]]}},{"type":"Feature","properties":{"ADM0_A3":"ESP","MAPCOLOR7":4},"bbox":[-9.392884,35.94685,3.039484,43.748338],"geometry":{"type":"Polygon","coordinates":[[[-7.4537,37.0978],[-7.5371,37.4289],[-7.0293,38.0758],[-7.3741,38.3731],[-7.098,39.0301],[-7.4986,39.6296],[-7.0666,39.7119],[-7.0264,40.1845],[-6.864,40.3309],[-6.8511,41.1111],[-6.3891,41.3818],[-6.6686,41.8834],[-8.0132,41.7909],[-8.2639,42.2805],[-9.0348,41.8806],[-8.9844,42.5928],[-9.3929,43.0266],[-7.9782,43.7483],[-4.3478,43.4034],[-1.9014,43.4228],[-1.5028,43.034],[0.338,42.5795],[0.7016,42.7957],[1.8268,42.3434],[2.986,42.473],[3.0395,41.8921],[2.0918,41.2261],[0.8105,41.0147],[0.7213,40.6783],[0.1067,40.1239],[-0.2787,39.31],[0.1113,38.7385],[-0.4671,38.2924],[-0.6834,37.6424],[-1.4384,37.4431],[-2.1465,36.6741],[-4.3689,36.6778],[-4.9952,36.3247],[-5.3772,35.9468],[-5.8664,36.0298],[-6.2367,36.3677],[-6.5202,36.9429],[-7.4537,37.0978]]]}},{"type":"Feature","properties":{"ADM0_A3":"IRL","MAPCOLOR7":2},"bbox":[-9.977086,51.669301,-6.032985,55.131622],"geometry":{"type":"Polygon","coordinates":[[[-6.1979,53.8676],[-6.033,53.1532],[-6.7889,52.2601],[-8.5616,51.6693],[-9.9771,51.8205],[-9.1663,52.8646],[-9.6885,53.8814],[-7.5722,55.1316],[-7.366,54.5958],[-7.5722,54.06],[-6.9537,54.0737],[-6.1979,53.8676]]]}},{"type":"Feature","properties":{"ADM0_A3":"NCL","MAPCOLOR7":7},"bbox":[164.029606,-22.399976,167.120011,-20.105646],"geometry":{"type":"Polygon","coordinates":[[[165.78,-21.08],[167.12,-22.16],[166.74,-22.4],[165.4744,-21.6796],[164.168,-20.4447],[164.0296,-20.1056],[164.46,-20.12],[165.78,-21.08]]]}},{"type":"Feature","properties":{"ADM0_A3":"SLB","MAPCOLOR7":1},"bbox":[156.491358,-10.826367,162.398646,-6.599338],"geometry":{"type":"MultiPolygon","coordinates":[[[[162.119,-10.4827],[162.3986,-10.8264],[161.7,-10.82],[161.3198,-10.2048],[161.9174,-10.4467],[162.119,-10.4827]]],[[[161.68,-9.6],[161.5294,-9.7843],[160.7883,-8.9175],[160.58,-8.32],[160.92,-8.32],[161.28,-9.12],[161.68,-9.6]]],[[[160.8522,-9.8729],[160.4626,-9.8952],[159.8494,-9.794],[159.64,-9.64],[159.7029,-9.243],[160.363,-9.4003],[160.6885,-9.6102],[160.8522,-9.8729]]],[[[159.64,-8.02],[159.875,-8.3373],[159.9174,-8.5383],[159.1337,-8.1142],[158.5861,-7.7548],[158.2112,-7.4219],[158.36,-7.32],[158.82,-7.56],[159.64,-8.02]]],[[[157.14,-7.0216],[157.5384,-7.3478],[157.3394,-7.4048],[156.902,-7.1769],[156.4914,-6.7659],[156.5428,-6.5993],[157.14,-7.0216]]]]}},{"type":"Feature","properties":{"ADM0_A3":"NZL","MAPCOLOR7":3},"bbox":[166.509144,-46.641235,178.517094,-34.450662],"geometry":{"type":"MultiPolygon","coordinates":[[[[176.8858,-40.066],[176.0124,-41.2896],[175.2396,-41.6883],[175.0679,-41.4259],[174.651,-41.2818],[175.2276,-40.4592],[174.9002,-39.9089],[173.824,-39.5089],[173.8523,-39.1466],[174.5748,-38.7977],[174.7435,-38.0278],[174.697,-37.3811],[174.292,-36.7111],[174.319,-36.5348],[173.0542,-35.2371],[172.636,-34.5291],[173.007,-34.4507],[173.5513,-35.0062],[174.3294,-35.2655],[174.612,-36.1564],[175.3366,-37.2091],[175.3576,-36.5262],[175.8089,-36.7989],[175.9585,-37.5554],[176.7632,-37.8813],[177.4388,-37.9612],[178.0104,-37.5798],[178.5171,-37.6954],[178.2747,-38.5828],[177.9705,-39.1663],[177.207,-39.1458],[176.94,-39.4497],[177.0329,-39.8799],[176.8858,-40.066]]],[[[169.6678,-43.5553],[171.1251,-42.5128],[171.5697,-41.7674],[171.9487,-41.5144],[172.0972,-40.9561],[172.7986,-40.494],[173.2472,-41.332],[173.9584,-40.9267],[174.2476,-41.3492],[174.2485,-41.77],[173.2227,-42.97],[172.7112,-43.3723],[173.0801,-43.8533],[172.3086,-43.8657],[171.4529,-44.2425],[170.6167,-45.9089],[169.3323,-46.6412],[168.4114,-46.6199],[167.7637,-46.2902],[166.6769,-46.2199],[166.5091,-45.8527],[167.0464,-45.1109],[168.3038,-44.124],[169.6678,-43.5553]]]]}},{"type":"Feature","properties":{"ADM0_A3":"AUS","MAPCOLOR7":1},"bbox":[113.338953,-43.634597,153.569469,-10.668186],"geometry":{"type":"MultiPolygon","coordinates":[[[[147.6893,-40.8083],[148.2891,-40.8754],[148.3599,-42.0624],[148.0173,-42.407],[147.9141,-43.2115],[147.5646,-42.9377],[146.8703,-43.6346],[146.0484,-43.5497],[145.4319,-42.6938],[145.2951,-42.0336],[144.7181,-41.1626],[144.7438,-40.704],[145.398,-40.7925],[146.3641,-41.1377],[147.6893,-40.8083]]],[[[126.1487,-32.216],[125.0886,-32.7288],[124.2216,-32.9595],[124.0289,-33.4838],[123.6597,-33.8902],[122.1831,-34.0034],[121.2992,-33.821],[119.8937,-33.9761],[119.2989,-34.5094],[119.0073,-34.4641],[118.025,-35.0647],[116.6251,-35.0251],[115.5643,-34.3864],[115.0268,-34.1965],[115.0486,-33.6234],[115.5451,-33.4873],[115.7147,-33.2596],[115.8016,-32.2051],[115.6896,-31.6124],[115.1609,-30.6016],[114.997,-30.0307],[115.04,-29.4611],[114.642,-28.8102],[114.6165,-28.5164],[114.1736,-28.1181],[114.0489,-27.3348],[113.4775,-26.5431],[113.339,-26.1165],[113.7784,-26.549],[113.441,-25.6213],[113.9369,-25.9112],[114.2329,-26.2984],[114.2162,-25.7863],[113.3935,-24.3848],[113.502,-23.8063],[113.707,-23.5602],[113.8434,-23.06],[113.7366,-22.4755],[114.1498,-21.7559],[114.2253,-22.5175],[114.6478,-21.8295],[115.4602,-21.4952],[115.9474,-21.0687],[116.7116,-20.7017],[117.1663,-20.6236],[117.4415,-20.7469],[118.2296,-20.3742],[118.8361,-20.2633],[118.9878,-20.0442],[119.2525,-19.9529],[119.8052,-19.9765],[120.8562,-19.6837],[121.3999,-19.2398],[121.6551,-18.7053],[122.2417,-18.1976],[122.3128,-17.255],[123.0126,-16.4052],[123.4338,-17.2686],[123.8593,-17.069],[123.5032,-16.5965],[123.8171,-16.1113],[124.2583,-16.3279],[124.3797,-15.5671],[124.9262,-15.0751],[125.1673,-14.6804],[125.6701,-14.5101],[125.6858,-14.2307],[126.1251,-14.3473],[126.1428,-14.096],[127.0659,-13.818],[127.8046,-14.2769],[128.3597,-14.8692],[129.6215,-14.9698],[129.4096,-14.4207],[129.8886,-13.6187],[130.3395,-13.3574],[130.1835,-13.1075],[130.6178,-12.5364],[131.2235,-12.1836],[131.7351,-12.3025],[132.5753,-12.114],[132.5572,-11.603],[131.8247,-11.2738],[132.3572,-11.1285],[133.0196,-11.3764],[133.5508,-11.7865],[134.3931,-12.0424],[134.6786,-11.9412],[135.2985,-12.2486],[135.8827,-11.9623],[136.2584,-12.0493],[136.4925,-11.8572],[136.9516,-12.352],[136.6851,-12.8872],[136.3054,-13.2912],[135.9618,-13.3245],[136.0776,-13.7243],[135.4287,-14.7154],[135.5002,-14.9977],[136.2952,-15.5503],[137.0654,-15.8708],[138.3032,-16.8076],[138.5852,-16.8066],[139.1085,-17.0627],[139.2606,-17.3716],[140.2152,-17.7108],[140.8755,-17.3691],[141.2741,-16.3889],[141.7022,-15.0449],[141.5199,-13.6981],[141.6509,-12.9447],[141.8427,-12.7415],[141.687,-12.4076],[142.1437,-11.0427],[142.5153,-10.6682],[142.7973,-11.1574],[142.8668,-11.7847],[143.1159,-11.9056],[143.1586,-12.3257],[143.5221,-12.8344],[143.5618,-13.7637],[143.9221,-14.5483],[144.5637,-14.1712],[145.3747,-14.985],[145.272,-15.4282],[145.4853,-16.2857],[145.637,-16.7849],[145.8889,-16.9069],[146.1603,-17.7617],[146.0637,-18.2801],[146.3875,-18.9583],[147.4711,-19.4807],[148.8484,-20.3912],[148.7175,-20.6335],[149.2894,-21.2605],[149.6783,-22.3425],[150.0774,-22.1228],[150.4829,-22.5561],[150.7273,-22.4024],[150.8996,-23.4622],[152.8552,-25.2675],[153.1362,-26.0712],[153.0929,-27.2603],[153.5695,-28.1101],[153.5121,-28.9951],[153.0692,-30.3502],[153.0896,-30.9236],[152.8916,-31.6404],[152.45,-32.55],[151.7091,-33.0413],[151.0106,-34.3104],[150.7141,-35.1735],[150.3282,-35.6719],[150.0752,-36.4202],[149.9461,-37.1091],[149.9973,-37.4253],[149.4239,-37.7727],[148.3046,-37.8091],[147.3817,-38.2192],[146.3179,-39.0358],[145.4897,-38.5938],[144.877,-38.4174],[145.0322,-37.8962],[144.4857,-38.0853],[143.61,-38.8095],[140.6386,-38.0193],[139.9922,-37.4029],[139.5741,-36.1384],[139.0828,-35.7328],[138.1207,-35.6123],[138.4495,-35.1273],[138.2076,-34.3847],[137.7192,-35.0768],[136.8294,-35.2605],[137.3524,-34.7073],[137.5039,-34.1303],[137.8901,-33.6405],[137.8103,-32.9],[136.9968,-33.7528],[136.3721,-34.0948],[135.989,-34.8901],[135.2082,-34.4787],[135.2392,-33.948],[134.6134,-33.2228],[134.0859,-32.8481],[134.2739,-32.6172],[132.9908,-32.0112],[132.2881,-31.9826],[131.3263,-31.4958],[129.5358,-31.5904],[127.1029,-32.2823],[126.1487,-32.216]]]]}},{"type":"Feature","properties":{"ADM0_A3":"LKA","MAPCOLOR7":3},"bbox":[79.695167,5.96837,81.787959,9.824078],"geometry":{"type":"Polygon","coordinates":[[[81.788,7.5231],[81.6373,6.4818],[81.218,6.1971],[80.3484,5.9684],[79.8725,6.7635],[79.6952,8.2008],[80.1478,9.8241],[80.8388,9.2684],[81.788,7.5231]]]}},{"type":"Feature","properties":{"ADM0_A3":"CHN","MAPCOLOR7":4},"bbox":[73.675379,18.197701,135.026311,53.4588],"geometry":{"type":"MultiPolygon","coordinates":[[[[109.4752,18.1977],[108.6552,18.5077],[108.6262,19.3679],[109.1191,19.821],[110.2116,20.1013],[110.7866,20.0775],[111.0101,19.6959],[110.5706,19.2559],[110.3392,18.6784],[109.4752,18.1977]]],[[[80.26,42.35],[80.1801,42.9201],[80.8662,43.1804],[79.9661,44.9175],[81.9471,45.317],[82.4589,45.5397],[83.1805,47.33],[85.1643,47.001],[85.7205,47.453],[85.7682,48.4558],[86.5988,48.5492],[87.36,49.215],[87.7513,49.2972],[88.0138,48.5995],[88.8543,48.0691],[90.2808,47.6935],[90.9708,46.8881],[90.5858,45.7197],[90.9455,45.2861],[93.4807,44.9755],[94.6889,44.3523],[95.3069,44.2413],[95.7625,43.3194],[96.3494,42.7256],[97.4518,42.7489],[99.5158,42.5247],[100.8459,42.6638],[101.833,42.5149],[103.3123,41.9075],[104.5223,41.9083],[104.965,41.5974],[106.1293,42.1343],[107.7448,42.4815],[109.2436,42.5194],[110.4121,42.8712],[111.1297,43.4068],[111.8296,43.7431],[111.3484,44.4574],[111.8733,45.1021],[113.4639,44.8089],[114.4603,45.3398],[115.9851,45.7272],[116.7179,46.3882],[117.4217,46.6727],[118.8743,46.8054],[119.6633,46.6927],[119.7728,47.0481],[118.8666,47.7471],[118.0641,48.0667],[117.2955,47.6977],[116.309,47.8534],[115.7428,47.7265],[115.4853,48.1354],[116.6788,49.8885],[117.8792,49.511],[119.2885,50.1429],[119.2794,50.5829],[120.1821,51.6435],[120.7382,51.9641],[120.7258,52.5162],[120.1771,52.7539],[121.0031,53.2514],[122.2457,53.4317],[123.5715,53.4588],[125.0682,53.161],[125.9463,52.7928],[127.2875,50.7398],[127.6574,49.7603],[129.3978,49.4406],[130.5823,48.7297],[130.9873,47.7901],[132.5067,47.789],[133.3736,48.1834],[135.0263,48.4782],[134.5008,47.5784],[134.1123,47.2125],[133.7696,46.1169],[133.0971,45.1441],[131.8835,45.3212],[131.0252,44.968],[131.2886,44.1115],[131.1447,42.93],[130.6339,42.903],[130.64,42.395],[129.9943,42.9854],[129.5967,42.425],[128.0522,41.9943],[128.2084,41.4668],[127.3438,41.5032],[126.8691,41.8166],[126.182,41.1073],[125.0799,40.5698],[124.2656,39.9285],[122.8676,39.6378],[122.1314,39.1705],[121.0546,38.8975],[121.586,39.3609],[121.3768,39.7503],[122.1686,40.4224],[121.6404,40.9464],[120.7686,40.5934],[119.6396,39.8981],[119.0235,39.2523],[118.0427,39.2043],[117.5327,38.7376],[118.0597,38.0615],[118.8782,37.8973],[118.9116,37.4485],[119.7028,37.1564],[120.8235,37.8704],[121.7113,37.4811],[122.3579,37.4545],[122.52,36.9306],[121.1042,36.6513],[120.637,36.1114],[119.6646,35.6098],[119.1512,34.9099],[120.2275,34.3603],[120.6204,33.3767],[121.9081,31.6922],[121.8919,30.9494],[121.2643,30.6763],[121.5035,30.1429],[122.0921,29.8325],[121.6844,28.2255],[121.1257,28.1357],[119.5855,25.7408],[118.6569,24.5474],[115.8907,22.7829],[114.7638,22.6681],[114.1525,22.2238],[113.8068,22.5483],[113.2411,22.0514],[111.8436,21.5505],[110.7855,21.3971],[110.444,20.341],[109.8899,20.2825],[109.6277,21.0082],[109.8645,21.3951],[108.5228,21.7152],[108.0502,21.5524],[107.0434,21.8119],[106.5673,22.2182],[106.7254,22.7943],[105.8112,22.9769],[105.3292,23.3521],[104.4769,22.8192],[102.707,22.7088],[101.652,22.3182],[101.8031,21.1744],[101.27,21.2017],[101.15,21.85],[100.4165,21.5588],[99.2409,22.1183],[99.532,22.949],[98.8987,23.1427],[98.6603,24.0633],[97.6047,23.8974],[97.7246,25.0836],[98.6718,25.9187],[98.6827,27.5088],[98.2462,27.7472],[97.912,28.3359],[97.3271,28.2616],[96.2488,28.411],[96.5866,28.831],[96.1177,29.4528],[95.4048,29.0317],[94.566,29.2774],[93.4133,28.6406],[92.5031,27.8969],[91.6967,27.7717],[91.2589,28.0406],[90.7305,28.065],[90.0158,28.2964],[89.4758,28.0428],[88.8142,27.2993],[88.7303,28.0869],[88.1204,27.8765],[85.8233,28.2036],[85.0116,28.6428],[84.2346,28.8399],[83.899,29.3202],[83.3371,29.4637],[82.3275,30.1153],[81.5258,30.4227],[81.1113,30.1835],[78.7389,31.5159],[78.4584,32.6182],[79.1761,32.4838],[79.2089,32.9944],[78.8111,33.5062],[78.9123,34.3219],[77.8375,35.494],[76.1928,35.8984],[75.8969,36.6668],[75.158,37.133],[74.98,37.42],[74.83,37.99],[74.8648,38.3788],[74.2575,38.6065],[73.9289,38.5058],[73.6754,39.4312],[73.96,39.66],[73.8222,39.894],[74.7769,40.3664],[75.4678,40.5621],[76.5264,40.4279],[76.9045,41.0665],[78.1872,41.1853],[78.5437,41.5822],[80.1194,42.1239],[80.26,42.35]]]]}},{"type":"Feature","properties":{"ADM0_A3":"TWN","MAPCOLOR7":1},"bbox":[120.106189,21.970571,121.951244,25.295459],"geometry":{"type":"Polygon","coordinates":[[[121.7778,24.3943],[121.1756,22.7909],[120.7471,21.9706],[120.2201,22.8149],[120.1062,23.5563],[120.6947,24.5385],[121.495,25.2955],[121.9512,24.9976],[121.7778,24.3943]]]}},{"type":"Feature","properties":{"ADM0_A3":"ITA","MAPCOLOR7":6},"bbox":[6.749955,36.619987,18.480247,47.115393],"geometry":{"type":"MultiPolygon","coordinates":[[[[10.4427,46.8935],[11.0486,46.7514],[11.1648,46.9416],[12.1531,47.1154],[12.3765,46.7676],[13.8065,46.5093],[13.6981,46.0168],[13.9376,45.591],[13.1416,45.7367],[12.3286,45.3818],[12.3839,44.8854],[12.2615,44.6005],[12.5892,44.0914],[13.5269,43.5877],[14.0298,42.761],[15.1426,41.9551],[15.9262,41.9613],[16.1699,41.7403],[15.8893,41.5411],[17.5192,40.8771],[18.3767,40.3556],[18.4802,40.1689],[18.2934,39.8108],[17.7384,40.2777],[16.8696,40.4422],[16.4487,39.7954],[17.1715,39.4247],[17.0528,38.9029],[16.6351,38.8436],[16.101,37.9859],[15.6841,37.9088],[15.892,38.7509],[16.1093,38.9645],[15.4136,40.0484],[14.9985,40.1729],[14.7033,40.6046],[14.0607,40.7863],[13.628,41.1883],[12.8881,41.2531],[11.1919,42.3554],[10.5119,42.9315],[10.2,43.92],[8.8889,44.3663],[8.4286,44.2312],[7.8508,43.7671],[7.4352,43.6938],[7.5496,44.1279],[7.0076,44.2548],[6.75,45.0285],[7.0967,45.3331],[6.8024,45.7086],[6.8436,45.9911],[7.2739,45.7769],[7.756,45.8245],[8.3166,46.1636],[8.49,46.0052],[8.9663,46.0369],[9.1829,46.4402],[9.9228,46.3149],[10.3634,46.4836],[10.4427,46.8935]]],[[[14.7612,38.1439],[15.5204,38.2312],[15.1602,37.444],[15.3099,37.1342],[15.1,36.62],[14.3352,36.9966],[12.431,37.6129],[12.5709,38.1264],[13.7412,38.035],[14.7612,38.1439]]],[[[8.71,40.9],[9.21,41.21],[9.81,40.5],[9.6695,39.1774],[9.2148,39.2405],[8.8069,38.9066],[8.4283,39.1718],[8.3883,40.3783],[8.16,40.95],[8.71,40.9]]]]}},{"type":"Feature","properties":{"ADM0_A3":"DNK","MAPCOLOR7":4},"bbox":[8.089977,54.800015,12.690006,57.730017],"geometry":{"type":"MultiPolygon","coordinates":[[[[9.9219,54.9831],[9.282,54.8309],[8.5262,54.9627],[8.1203,55.5177],[8.09,56.54],[8.5434,57.11],[9.4245,57.1721],[9.7756,57.4479],[10.58,57.73],[10.5461,57.2157],[10.25,56.89],[10.37,56.61],[10.9122,56.4586],[10.6678,56.0814],[10.37,56.19],[9.65,55.47],[9.9219,54.9831]]],[[[12.3709,56.1114],[12.69,55.61],[12.09,54.8],[11.0435,55.3649],[10.9039,55.78],[12.3709,56.1114]]]]}},{"type":"Feature","properties":{"ADM0_A3":"GBR","MAPCOLOR7":6},"bbox":[-7.572168,49.96,1.681531,58.635],"geometry":{"type":"MultiPolygon","coordinates":[[[[-6.1979,53.8676],[-6.9537,54.0737],[-7.5722,54.06],[-7.366,54.5958],[-7.5722,55.1316],[-6.7338,55.1729],[-5.6619,54.5546],[-6.1979,53.8676]]],[[[-3.0938,53.4045],[-2.945,53.985],[-3.63,54.615],[-4.8442,54.791],[-5.0825,55.0616],[-4.7191,55.5085],[-5.048,55.784],[-5.5864,55.3111],[-5.645,56.275],[-6.15,56.785],[-5.7868,57.8188],[-5.01,58.63],[-4.2115,58.5508],[-3.005,58.635],[-4.0738,57.553],[-1.9593,57.6848],[-2.22,56.87],[-3.119,55.9738],[-2.085,55.91],[-1.115,54.625],[-0.4305,54.4644],[0.47,52.93],[1.6815,52.7395],[1.56,52.1],[1.0506,51.8068],[1.4499,51.2894],[0.5503,50.7657],[-0.7875,50.775],[-2.49,50.5],[-2.9563,50.6969],[-3.6174,50.2284],[-4.5425,50.3418],[-5.245,49.96],[-5.7766,50.1597],[-4.31,51.21],[-3.4149,51.426],[-4.9844,51.5935],[-5.2673,51.9914],[-4.2223,52.3014],[-4.77,52.84],[-4.58,53.495],[-3.0938,53.4045]]]]}},{"type":"Feature","properties":{"ADM0_A3":"ISL","MAPCOLOR7":1},"bbox":[-24.326184,63.496383,-13.609732,66.526792],"geometry":{"type":"Polygon","coordinates":[[[-14.5087,66.4559],[-14.7396,65.8087],[-13.6097,65.1267],[-14.9098,64.3641],[-18.6562,63.4964],[-22.763,63.9602],[-21.7785,64.4021],[-23.955,64.8911],[-22.1844,65.085],[-22.2274,65.3786],[-24.3262,65.6112],[-23.6505,66.2625],[-22.1349,66.4105],[-20.5763,65.7321],[-19.0568,66.2766],[-17.7986,65.9939],[-16.1678,66.5268],[-14.5087,66.4559]]]}},{"type":"Feature","properties":{"ADM0_A3":"AZE","MAPCOLOR7":1},"bbox":[44.79399,38.270378,50.392821,41.860675],"geometry":{"type":"MultiPolygon","coordinates":[[[[46.405,41.8607],[46.6861,41.8271],[47.3733,41.2197],[47.8157,41.1514],[47.9873,41.4058],[48.5844,41.8089],[49.6189,40.5729],[50.0848,40.5262],[50.3928,40.2566],[49.5692,40.1761],[49.2232,39.0492],[48.8565,38.8155],[48.8832,38.3202],[48.6344,38.2704],[48.0107,38.794],[48.3555,39.2888],[48.0601,39.5822],[47.6851,39.5084],[46.5057,38.7706],[46.4835,39.4642],[45.61,39.9],[45.8919,40.2185],[45.3592,40.5615],[45.5604,40.8123],[45.1795,40.9854],[44.9725,41.2481],[45.2174,41.4115],[45.9626,41.1239],[46.5016,41.0644],[46.6379,41.1817],[46.1454,41.7228],[46.405,41.8607]]],[[[46.1436,38.7412],[45.4577,38.8741],[44.9527,39.3358],[44.794,39.713],[45.002,39.74],[45.2981,39.4718],[45.74,39.474],[45.7354,39.3197],[46.1436,38.7412]]]]}},{"type":"Feature","properties":{"ADM0_A3":"GEO","MAPCOLOR7":5},"bbox":[39.955009,41.064445,46.637908,43.553104],"geometry":{"type":"Polygon","coordinates":[[[39.955,43.435],[40.077,43.5531],[42.3944,43.2203],[43.756,42.7408],[43.9312,42.555],[44.5376,42.712],[45.4703,42.5028],[45.7764,42.0924],[46.405,41.8607],[46.1454,41.7228],[46.6379,41.1817],[46.5016,41.0644],[45.9626,41.1239],[45.2174,41.4115],[44.9725,41.2481],[43.5827,41.0921],[42.6195,41.5832],[41.5541,41.5357],[41.7032,41.9629],[41.4535,42.6451],[40.8755,43.0136],[40.3214,43.1286],[39.955,43.435]]]}},{"type":"Feature","properties":{"ADM0_A3":"PHL","MAPCOLOR7":3},"bbox":[117.174275,5.581003,126.537424,18.505227],"geometry":{"type":"MultiPolygon","coordinates":[[[[120.8339,12.7045],[120.3234,13.4664],[121.1801,13.4297],[121.5274,13.0696],[121.2622,12.2056],[120.8339,12.7045]]],[[[122.5861,9.981],[122.8371,10.2612],[122.9474,10.8819],[123.4989,10.9406],[123.3378,10.2674],[124.0779,11.2327],[123.9824,10.2788],[123.6232,9.9501],[123.3099,9.3183],[122.9959,9.0222],[122.3801,9.7134],[122.5861,9.981]]],[[[126.3768,8.4147],[126.5374,7.1894],[126.1968,6.2743],[125.8314,7.2937],[125.3639,6.7865],[125.6832,6.0497],[125.3965,5.581],[124.2198,6.1614],[123.9387,6.8851],[124.2437,7.3606],[123.6102,7.8335],[123.2961,7.4189],[122.8255,7.4574],[122.0855,6.8994],[121.9199,7.1921],[122.3124,8.035],[123.4877,8.693],[123.8412,8.2403],[124.6015,8.5142],[124.7646,8.9604],[125.4714,8.987],[125.4121,9.7603],[126.2227,9.2861],[126.3768,8.4147]]],[[[118.5046,9.3164],[117.1743,8.3675],[117.6645,9.0669],[118.3869,9.6845],[118.9873,10.3763],[119.5115,11.3697],[119.6897,10.5543],[119.0295,10.0037],[118.5046,9.3164]]],[[[122.337,18.2249],[122.1743,17.8103],[122.5157,17.0935],[122.2523,16.2624],[121.6628,15.931],[121.5051,15.1248],[121.7288,14.3284],[122.2589,14.2182],[122.7013,14.3365],[123.9503,13.7821],[123.8551,13.2378],[124.1813,12.9975],[124.0774,12.5367],[123.298,13.0275],[122.9287,13.5529],[122.6714,13.1858],[122.0346,13.7845],[121.1264,13.6367],[120.6286,13.8577],[120.6794,14.271],[120.9918,14.5254],[120.6933,14.7567],[120.5641,14.3963],[120.0704,14.9709],[119.9209,15.4063],[119.8838,16.3637],[120.2865,16.0346],[120.39,17.5991],[120.7159,18.5052],[121.3213,18.5041],[121.9376,18.2186],[122.246,18.479],[122.337,18.2249]]],[[[122.0384,11.4158],[121.8835,11.8918],[122.4838,11.5822],[123.1202,11.5837],[123.1008,11.1659],[122.6377,10.7413],[122.0026,10.441],[121.9674,10.9057],[122.0384,11.4158]]],[[[125.5026,12.1627],[125.7835,11.0461],[125.0119,11.3115],[125.2774,10.3587],[124.8018,10.1347],[124.7602,10.838],[124.4591,10.8899],[124.3025,11.4954],[124.891,11.4156],[124.878,11.7942],[124.2668,12.5578],[125.2271,12.5357],[125.5026,12.1627]]]]}},{"type":"Feature","properties":{"ADM0_A3":"MYS","MAPCOLOR7":2},"bbox":[100.085757,0.773131,119.181904,6.928053],"geometry":{"type":"MultiPolygon","coordinates":[[[[100.0858,6.4645],[100.2596,6.6428],[101.0755,6.2049],[101.1542,5.6914],[101.8143,5.8108],[102.1412,6.2216],[102.3711,6.1282],[102.9617,5.5245],[103.3812,4.855],[103.4386,4.1816],[103.3321,3.7267],[103.5024,2.791],[103.8547,2.5155],[104.2479,1.6311],[104.2288,1.293],[103.5197,1.2263],[101.3906,2.7608],[101.2735,3.2703],[100.6954,3.9391],[100.5574,4.7673],[100.1967,5.3125],[100.3063,6.0406],[100.0858,6.4645]]],[[[117.882,4.1376],[117.0152,4.3061],[115.8655,4.3066],[115.5191,3.1692],[115.134,2.8215],[114.6214,1.4307],[113.8059,1.2175],[112.8598,1.4978],[112.3803,1.4101],[111.7975,0.9044],[111.1591,0.9765],[110.5141,0.7731],[109.8302,1.3381],[109.6633,2.0065],[110.3961,1.6638],[111.1689,1.8506],[111.3701,2.6973],[111.7969,2.8859],[112.9956,3.1024],[114.204,4.5259],[114.6596,4.0076],[114.8696,4.3483],[115.3475,4.3166],[115.4507,5.4477],[116.2207,6.1432],[116.7251,6.9248],[117.1296,6.9281],[117.6434,6.4222],[117.6891,5.9875],[119.1819,5.4078],[119.1107,5.0161],[118.4397,4.9665],[118.6183,4.4782],[117.882,4.1376]]]]}},{"type":"Feature","properties":{"ADM0_A3":"BRN","MAPCOLOR7":4},"bbox":[114.204017,4.007637,115.45071,5.44773],"geometry":{"type":"Polygon","coordinates":[[[115.4507,5.4477],[115.4057,4.9552],[115.3475,4.3166],[114.8696,4.3483],[114.6596,4.0076],[114.204,4.5259],[114.6,4.9],[115.4507,5.4477]]]}},{"type":"Feature","properties":{"ADM0_A3":"SVN","MAPCOLOR7":2},"bbox":[13.69811,45.452316,16.564808,46.852386],"geometry":{"type":"Polygon","coordinates":[[[13.8065,46.5093],[14.6325,46.4318],[15.1371,46.6587],[16.0117,46.6836],[16.2023,46.8524],[16.3705,46.8413],[16.5648,46.5038],[15.7687,46.2381],[15.6715,45.8342],[15.324,45.7318],[15.3277,45.4523],[14.9352,45.4717],[14.5951,45.6349],[14.412,45.4662],[13.7151,45.5003],[13.9376,45.591],[13.6981,46.0168],[13.8065,46.5093]]]}},{"type":"Feature","properties":{"ADM0_A3":"FIN","MAPCOLOR7":4},"bbox":[20.645593,59.846373,31.516092,70.164193],"geometry":{"type":"Polygon","coordinates":[[[28.5919,69.0648],[28.4459,68.3646],[29.9774,67.6983],[29.0546,66.9443],[30.2176,65.806],[29.5444,64.9487],[30.4447,64.2045],[30.0359,63.5528],[31.5161,62.8677],[31.14,62.3577],[28.07,60.5035],[26.2552,60.424],[22.8697,59.8464],[22.2908,60.3919],[21.3222,60.7202],[21.5449,61.7053],[21.0592,62.6074],[21.536,63.1897],[22.4427,63.8178],[24.7305,64.9023],[25.3981,65.1114],[25.294,65.5343],[23.9034,66.0069],[23.5659,66.3961],[23.5395,67.936],[20.6456,69.1062],[21.2449,69.3704],[22.3562,68.8417],[23.6621,68.8912],[24.7357,68.6496],[25.6892,69.0921],[26.1796,69.8253],[27.7323,70.1642],[29.0156,69.7665],[28.5919,69.0648]]]}},{"type":"Feature","properties":{"ADM0_A3":"SVK","MAPCOLOR7":2},"bbox":[16.879983,47.758429,22.558138,49.571574],"geometry":{"type":"Polygon","coordinates":[[[22.5581,49.0857],[22.0856,48.4223],[21.8722,48.32],[20.8013,48.6239],[20.4736,48.5628],[20.2391,48.3276],[18.777,48.0818],[18.6965,47.881],[17.8571,47.7584],[16.9797,48.1235],[16.88,48.47],[17.102,48.817],[17.8865,48.9035],[18.105,49.044],[18.1705,49.2715],[18.4,49.315],[18.555,49.495],[18.9096,49.4358],[19.3207,49.5716],[19.825,49.2171],[20.4158,49.4315],[20.888,49.3288],[21.6078,49.4701],[22.5581,49.0857]]]}},{"type":"Feature","properties":{"ADM0_A3":"CZE","MAPCOLOR7":1},"bbox":[12.240111,48.555305,18.853144,51.117268],"geometry":{"type":"Polygon","coordinates":[[[15.017,51.1067],[15.491,50.7847],[16.2386,50.6977],[16.1763,50.4226],[16.7195,50.2157],[16.8688,50.474],[17.5546,50.3621],[17.6494,50.049],[18.3929,49.9886],[18.8531,49.4962],[18.555,49.495],[18.4,49.315],[18.1705,49.2715],[18.105,49.044],[17.8865,48.9035],[17.102,48.817],[16.9603,48.597],[16.4993,48.7858],[16.0296,48.7339],[15.2534,49.0391],[14.9014,48.9644],[14.3389,48.5553],[12.521,49.5474],[12.2401,50.2663],[14.0562,50.9269],[14.307,51.1173],[14.5707,51.0023],[15.017,51.1067]]]}},{"type":"Feature","properties":{"ADM0_A3":"ERI","MAPCOLOR7":3},"bbox":[36.32322,12.455416,43.081226,17.998307],"geometry":{"type":"Polygon","coordinates":[[[36.4295,14.4221],[36.3232,14.8225],[36.8525,16.9566],[37.1675,17.2631],[37.904,17.4275],[38.4101,17.9983],[38.9906,16.8406],[39.2661,15.9227],[41.1793,14.4911],[42.5896,13.0004],[43.0812,12.6996],[42.7796,12.4554],[42.3516,12.5422],[40.8966,14.1186],[40.0262,14.5196],[39.3406,14.5315],[39.0994,14.7406],[38.5129,14.5055],[37.9061,14.9594],[37.5938,14.2131],[36.4295,14.4221]]]}},{"type":"Feature","properties":{"ADM0_A3":"JPN","MAPCOLOR7":5},"bbox":[129.408463,31.029579,145.543137,45.551483],"geometry":{"type":"MultiPolygon","coordinates":[[[[141.8846,39.1809],[140.9595,38.174],[140.9764,37.1421],[140.5998,36.344],[140.7741,35.8429],[140.2533,35.1381],[138.9755,34.6676],[137.2176,34.6063],[135.793,33.4648],[135.121,33.8491],[135.0794,34.5965],[133.3403,34.3759],[132.1568,33.9049],[130.9861,33.8858],[132.0,33.15],[131.3328,31.4504],[130.6863,31.0296],[130.2024,31.4182],[130.4477,32.3195],[129.8147,32.6103],[129.4085,33.2961],[130.3539,33.6042],[130.8785,34.2327],[131.8842,34.7497],[132.6177,35.4334],[134.6083,35.7316],[135.6775,35.5271],[136.7238,37.305],[137.3906,36.8274],[139.4264,38.216],[140.0548,39.4388],[139.8834,40.5633],[140.3058,41.195],[141.369,41.3786],[141.9143,39.9916],[141.8846,39.1809]]],[[[144.6134,43.9609],[145.3208,44.3847],[145.5431,43.2621],[144.0597,42.9884],[143.1839,41.9952],[141.6115,42.6788],[141.0673,41.5846],[139.9551,41.5696],[139.8175,42.5638],[140.3121,43.3333],[141.3805,43.3888],[141.672,44.7721],[141.9676,45.5515],[143.1429,44.5104],[144.6134,43.9609]]],[[[132.3712,33.4636],[132.9244,34.0603],[133.493,33.9446],[133.9041,34.3649],[134.6384,34.1492],[134.7664,33.8063],[134.2034,33.2012],[133.7929,33.522],[133.2803,33.2896],[133.0149,32.7046],[132.3631,32.9894],[132.3712,33.4636]]]]}},{"type":"Feature","properties":{"ADM0_A3":"PRY","MAPCOLOR7":6},"bbox":[-62.685057,-27.548499,-54.29296,-19.342747],"geometry":{"type":"Polygon","coordinates":[[[-58.1664,-20.1767],[-57.8707,-20.7327],[-57.9372,-22.0902],[-56.8815,-22.2822],[-56.4733,-22.0863],[-55.798,-22.3569],[-55.6107,-22.6556],[-55.4007,-23.9569],[-55.0279,-24.0013],[-54.6528,-23.8396],[-54.293,-24.021],[-54.2935,-24.5708],[-54.7888,-26.6218],[-55.6958,-27.3878],[-56.4867,-27.5485],[-58.6182,-27.1237],[-57.6337,-25.6037],[-57.7772,-25.1623],[-58.8071,-24.7715],[-60.029,-24.0328],[-60.8466,-23.8807],[-62.6851,-22.249],[-62.2912,-21.0516],[-62.266,-20.5137],[-61.7863,-19.6337],[-60.0436,-19.3427],[-59.115,-19.3569],[-58.1835,-19.8684],[-58.1664,-20.1767]]]}},{"type":"Feature","properties":{"ADM0_A3":"YEM","MAPCOLOR7":5},"bbox":[42.604873,12.58595,53.108573,19.000003],"geometry":{"type":"Polygon","coordinates":[[[52.0,19.0],[53.1086,16.6511],[52.3852,16.3824],[52.1682,15.5974],[51.1725,15.1753],[49.5746,14.7088],[48.6792,14.0032],[47.9389,14.0072],[47.3545,13.5922],[46.7171,13.3997],[45.6251,13.2909],[45.4065,13.0269],[45.1444,12.9539],[44.9895,12.6996],[44.4946,12.7217],[44.1751,12.586],[43.483,12.6368],[43.2229,13.221],[43.2514,13.7676],[42.8922,14.8022],[42.6049,15.2133],[42.805,15.262],[42.7024,15.7189],[42.8237,15.9117],[42.7793,16.3479],[43.2184,16.6669],[43.1158,17.0884],[43.3808,17.58],[43.7915,17.32],[45.2167,17.4333],[46.3667,17.2333],[46.75,17.2833],[47.0,16.95],[47.4667,17.1167],[48.1833,18.1667],[49.1167,18.6167],[52.0,19.0]]]}},{"type":"Feature","properties":{"ADM0_A3":"SAU","MAPCOLOR7":6},"bbox":[34.632336,16.347891,55.666659,32.161009],"geometry":{"type":"Polygon","coordinates":[[[34.956,29.3566],[36.0689,29.1975],[36.5012,29.5053],[36.7405,29.8653],[37.5036,30.0038],[37.6681,30.3387],[37.9988,30.5085],[37.0022,31.5084],[39.0049,32.0102],[39.1955,32.161],[40.4,31.89],[41.89,31.19],[44.7095,29.1789],[47.4598,29.0025],[47.7089,28.5261],[48.4161,28.552],[48.8076,27.6896],[49.2996,27.4612],[49.4709,27.11],[50.1524,26.6897],[50.2129,26.277],[50.1133,25.944],[50.2399,25.608],[50.5274,25.3278],[50.8101,24.7547],[51.1124,24.5563],[51.3896,24.6274],[52.0007,23.0012],[55.0068,22.4969],[55.2083,22.7083],[55.6667,22.0],[55.0,20.0],[52.0,19.0],[49.1167,18.6167],[48.1833,18.1667],[47.4667,17.1167],[47.0,16.95],[46.75,17.2833],[46.3667,17.2333],[45.2167,17.4333],[43.7915,17.32],[43.3808,17.58],[43.1158,17.0884],[43.2184,16.6669],[42.7793,16.3479],[42.6496,16.7746],[42.348,17.0758],[42.2709,17.4747],[41.7544,17.833],[41.2214,18.6716],[40.9393,19.4865],[40.2477,20.1746],[39.8017,20.3389],[39.1394,21.2919],[39.0237,21.9869],[39.0663,22.5797],[38.4928,23.6885],[38.0239,24.0787],[37.4836,24.2855],[37.1548,24.8585],[37.2095,25.0845],[36.9316,25.603],[36.6396,25.8262],[36.2491,26.5701],[35.1302,28.0634],[34.6323,28.0585],[34.956,29.3566]]]}},{"type":"Feature","properties":{"ADM0_A3":"ATA","MAPCOLOR7":4},"bbox":[-180,-90,180,-63.27066],"geometry":{"type":"MultiPolygon","coordinates":[[[[-48.6606,-78.047],[-46.6629,-77.8315],[-45.1548,-78.0471],[-43.9208,-78.4781],[-43.49,-79.0856],[-43.3333,-80.0261],[-46.5062,-80.5944],[-50.4821,-81.0254],[-52.852,-80.9667],[-54.1643,-80.6335],[-53.988,-80.222],[-51.8531,-79.9477],[-50.9913,-79.6146],[-48.6606,-78.047]]],[[[-66.29,-80.2558],[-61.8832,-80.3929],[-60.6101,-79.6287],[-59.5721,-80.0402],[-60.1597,-81.0003],[-62.2554,-80.8632],[-64.4881,-80.9219],[-65.7417,-80.5888],[-66.29,-80.2558]]],[[[-73.9158,-71.2693],[-73.2303,-71.1518],[-72.0747,-71.191],[-71.781,-70.6815],[-71.7418,-69.5058],[-71.1738,-69.0355],[-70.2533,-68.8787],[-69.7244,-69.251],[-68.7255,-70.5052],[-68.3338,-71.4065],[-68.7843,-72.1707],[-71.0759,-72.5038],[-72.3881,-72.4843],[-71.8985,-72.0923],[-74.19,-72.3667],[-74.9539,-72.0728],[-75.0126,-71.6613],[-73.9158,-71.2693]]],[[[-102.3307,-71.8942],[-101.704,-71.7178],[-97.8847,-72.0705],[-96.7879,-71.953],[-96.2004,-72.5212],[-100.7835,-72.5016],[-101.8019,-72.3057],[-102.3307,-71.8942]]],[[[-122.6217,-73.6578],[-122.4062,-73.3246],[-119.9189,-73.6577],[-118.7241,-73.4814],[-119.2921,-73.8341],[-120.2322,-74.0888],[-121.6228,-74.0105],[-122.6217,-73.6578]]],[[[-127.2831,-73.4618],[-127.2831,-73.4618],[-126.5585,-73.2462],[-125.5596,-73.4814],[-124.0319,-73.8733],[-124.6195,-73.8341],[-125.9122,-73.7361],[-127.2831,-73.4618]]],[[[-163.7129,-78.5957],[-163.1058,-78.2233],[-161.2451,-78.3802],[-159.4824,-79.0463],[-159.2082,-79.4971],[-161.1276,-79.6342],[-162.4398,-79.2815],[-163.7129,-78.5957]]],[[[180,-84.7134],[180,-90],[-180,-90],[-180,-84.7134],[-179.0587,-84.1394],[-177.2568,-84.4529],[-176.0847,-84.0993],[-175.8299,-84.1179],[-174.3825,-84.5343],[-172.8891,-84.061],[-169.9512,-83.8846],[-167.0221,-84.5705],[-161.9298,-85.1387],[-158.0714,-85.3739],[-155.1923,-85.0996],[-150.9421,-85.2955],[-148.5331,-85.609],[-143.1077,-85.0408],[-142.8923,-84.5705],[-146.8291,-84.5313],[-150.0607,-84.2961],[-150.9029,-83.9042],[-153.5862,-83.6887],[-153.4099,-83.238],[-152.6656,-82.4542],[-152.8615,-82.0427],[-154.5263,-81.7684],[-155.2902,-81.4156],[-156.8374,-81.1021],[-154.4088,-81.1609],[-152.0977,-81.0042],[-150.6483,-81.3373],[-147.2208,-80.671],[-146.4177,-80.3379],[-146.7703,-79.9264],[-149.5319,-79.3582],[-155.3294,-79.0643],[-155.9757,-78.6919],[-157.2683,-78.3784],[-158.0518,-78.0257],[-158.3651,-76.8892],[-156.9746,-77.3008],[-153.7428,-77.0656],[-152.9202,-77.4967],[-151.3338,-77.3987],[-148.7485,-76.9088],[-147.6125,-76.5757],[-146.1044,-76.4778],[-146.1435,-76.1054],[-146.4961,-75.7332],[-146.2023,-75.3804],[-144.9096,-75.204],[-144.322,-75.5372],[-141.6388,-75.0865],[-138.8576,-74.9689],[-135.2146,-74.3027],[-133.7457,-74.4398],[-132.2572,-74.3027],[-130.9253,-74.479],[-129.5543,-74.4594],[-128.242,-74.3223],[-125.4021,-74.5182],[-121.0736,-74.5182],[-119.7026,-74.479],[-118.6841,-74.1851],[-117.4698,-74.0283],[-116.2163,-74.2439],[-115.0216,-74.0675],[-113.9443,-73.7148],[-112.2991,-74.7142],[-111.2611,-74.4203],[-110.0663,-74.7925],[-108.7149,-74.9101],[-107.5593,-75.1845],[-104.8761,-74.9493],[-103.3679,-74.9885],[-100.6455,-75.302],[-100.1167,-74.8709],[-101.2527,-74.1851],[-102.5453,-74.1067],[-103.1133,-73.7344],[-103.6813,-72.6175],[-102.9175,-72.7547],[-100.3125,-72.7547],[-99.1374,-72.9114],[-98.1189,-73.2053],[-97.688,-73.558],[-96.3366,-73.6168],[-92.439,-73.1662],[-91.4206,-73.4013],[-90.0887,-73.3229],[-89.227,-72.5587],[-88.424,-73.0094],[-87.2683,-73.1858],[-86.0148,-73.0878],[-85.1922,-73.4797],[-82.6656,-73.6364],[-81.4709,-73.852],[-80.6874,-73.4797],[-80.2958,-73.127],[-79.2969,-73.5189],[-77.9259,-73.4209],[-76.9074,-73.6364],[-76.2219,-73.9695],[-74.89,-73.8716],[-72.8335,-73.4013],[-68.9359,-73.0094],[-67.9566,-72.7939],[-67.3691,-72.4803],[-67.134,-72.0492],[-67.2515,-71.6377],[-68.4855,-70.1093],[-68.5442,-69.7174],[-68.4463,-69.3255],[-67.5845,-68.5417],[-67.4278,-68.1498],[-67.7412,-67.3268],[-67.2515,-66.8762],[-66.0568,-66.21],[-64.5683,-65.6025],[-64.1765,-65.1714],[-63.6282,-64.8971],[-63.0014,-64.6423],[-62.0417,-64.5836],[-61.4149,-64.27],[-59.8873,-63.9565],[-58.5946,-63.3882],[-57.8111,-63.2707],[-57.2236,-63.5254],[-57.5957,-63.8585],[-59.0451,-64.368],[-59.7893,-64.2112],[-60.6119,-64.3092],[-62.0221,-64.7991],[-62.5118,-65.093],[-62.6489,-65.4849],[-62.5901,-65.8572],[-62.1201,-66.1903],[-62.8056,-66.4255],[-63.7457,-66.5038],[-65.5084,-67.5816],[-65.6651,-67.9539],[-65.3125,-68.3653],[-64.7837,-68.6789],[-63.1973,-69.2276],[-62.786,-69.6194],[-62.2767,-70.3837],[-61.8067,-70.7168],[-61.5129,-71.089],[-61.3758,-72.0101],[-60.6903,-73.1662],[-60.8274,-73.6952],[-61.9634,-74.4398],[-63.2952,-74.577],[-64.3528,-75.2628],[-65.861,-75.6351],[-69.7977,-76.223],[-70.6007,-76.6345],[-77.2404,-76.7129],[-76.927,-77.1048],[-75.3993,-77.2811],[-74.2829,-77.5554],[-73.6561,-77.9081],[-74.7725,-78.2216],[-76.4961,-78.1237],[-77.9259,-78.3784],[-78.0238,-79.1818],[-76.8486,-79.5149],[-76.6332,-79.8872],[-75.3601,-80.2595],[-73.2449,-80.4163],[-68.1916,-81.3177],[-63.256,-81.7488],[-59.6914,-82.3758],[-58.7121,-82.8461],[-58.2225,-83.2184],[-57.0081,-82.8657],[-53.6198,-82.2582],[-49.7614,-81.7292],[-47.2739,-81.7096],[-42.8084,-82.0819],[-42.162,-81.6508],[-40.7714,-81.3569],[-38.2448,-81.3373],[-34.3864,-80.9062],[-30.0971,-80.5927],[-28.5498,-80.3379],[-29.6858,-79.6325],[-29.6858,-79.2602],[-35.6399,-79.4561],[-35.9141,-79.0839],[-35.777,-78.3392],[-35.3265,-78.1237],[-32.2124,-77.6535],[-29.7837,-77.0656],[-28.8828,-76.6737],[-25.4748,-76.2818],[-22.4586,-76.1054],[-17.523,-75.1257],[-15.7015,-74.4986],[-15.4077,-74.1067],[-16.4653,-73.8716],[-16.1128,-73.4601],[-15.4469,-73.1465],[-12.2935,-72.4019],[-11.5101,-72.0101],[-11.0204,-71.5398],[-10.2958,-71.2654],[-9.101,-71.3242],[-8.6114,-71.6573],[-7.4166,-71.6965],[-7.3775,-71.3242],[-6.8682,-70.9323],[-5.791,-71.0303],[-5.5364,-71.4026],[-4.3417,-71.4614],[-1.7955,-71.1674],[-0.6595,-71.2262],[-0.2286,-71.6377],[0.8682,-71.3046],[6.2739,-70.4621],[7.1357,-70.2465],[7.7429,-69.8938],[8.4871,-70.1485],[9.5251,-70.0113],[10.8178,-70.8343],[11.9538,-70.6384],[12.4043,-70.2465],[13.4228,-69.9722],[14.735,-70.0309],[15.1268,-70.4032],[15.9493,-70.0309],[19.2594,-69.8938],[21.453,-70.0701],[22.5694,-70.6972],[23.6662,-70.5208],[27.0937,-70.4621],[29.1502,-70.2073],[30.0316,-69.9329],[31.9902,-69.6586],[32.7541,-69.3843],[33.3024,-68.8356],[33.8704,-68.5026],[34.9085,-68.6593],[35.3002,-69.012],[36.162,-69.2471],[37.2,-69.1687],[38.6494,-69.7762],[39.6679,-69.5411],[40.0204,-69.1099],[41.9594,-68.6005],[44.1139,-68.2674],[46.5033,-67.6012],[47.4434,-67.7188],[48.9907,-67.0917],[49.9309,-67.1113],[50.7535,-66.8762],[50.9493,-66.5235],[51.7915,-66.2491],[54.5335,-65.818],[56.355,-65.9748],[57.1581,-66.2491],[57.256,-66.6802],[58.7445,-67.2877],[59.9393,-67.4052],[61.4278,-67.9539],[62.3875,-68.0127],[63.1905,-67.8167],[64.0523,-67.4052],[66.9119,-67.8559],[68.89,-67.9343],[69.7126,-68.9728],[69.6735,-69.2276],[69.5559,-69.6782],[68.5963,-69.9329],[67.8127,-70.3053],[67.9499,-70.6972],[69.0663,-70.6775],[68.9292,-71.0695],[67.9499,-71.8533],[68.7138,-72.1668],[69.8693,-72.2648],[71.0249,-72.0884],[71.9063,-71.3242],[73.0814,-70.7168],[73.8649,-69.8742],[77.6449,-69.4627],[78.4284,-68.6984],[79.1139,-68.3262],[80.9353,-67.8755],[81.4838,-67.5424],[82.7764,-67.2093],[83.7753,-67.3073],[85.6555,-67.0917],[86.7524,-67.1505],[87.477,-66.8762],[87.9863,-66.2099],[88.8284,-66.9546],[89.6706,-67.1505],[93.5486,-67.2093],[94.1754,-67.1113],[95.0176,-67.1701],[95.7815,-67.3857],[98.6802,-67.1113],[99.7182,-67.2485],[102.8324,-65.5633],[104.2426,-65.9748],[106.1816,-66.9349],[108.0814,-66.9546],[110.2358,-66.6998],[111.744,-66.1316],[112.8604,-66.0923],[113.6047,-65.8768],[114.3881,-66.0728],[115.6024,-66.6998],[116.6992,-66.6606],[118.5795,-67.1701],[119.8329,-67.2681],[120.871,-67.1897],[122.3204,-66.5627],[123.2213,-66.4843],[125.1602,-66.7194],[126.1004,-66.5627],[127.0014,-66.5627],[128.8033,-66.7586],[130.7815,-66.4255],[132.9359,-66.3863],[134.7574,-66.21],[135.0316,-65.7201],[135.0708,-65.3086],[135.6975,-65.5829],[135.8738,-66.0336],[136.618,-66.7782],[137.4603,-66.9546],[143.0618,-66.7978],[145.4904,-66.9153],[146.1956,-67.2289],[145.9997,-67.6012],[146.6461,-67.8951],[148.8396,-68.385],[152.5022,-68.8748],[153.6382,-68.8945],[154.2846,-68.5613],[156.8111,-69.3843],[159.181,-69.5998],[159.6707,-69.9917],[160.8066,-70.2269],[161.5705,-70.5796],[162.6869,-70.7364],[167.3091,-70.8343],[170.5017,-71.4026],[171.2068,-71.6965],[171.0892,-72.0884],[170.5604,-72.4412],[169.2873,-73.656],[167.9751,-73.8128],[167.3875,-74.1655],[166.0948,-74.381],[165.6444,-74.773],[164.2342,-75.4588],[163.5682,-76.2426],[163.4899,-77.0656],[164.0579,-77.4574],[164.2734,-77.8298],[164.7435,-78.1825],[166.6041,-78.3196],[166.9958,-78.7507],[163.6662,-79.123],[161.7664,-79.1622],[160.9242,-79.7305],[160.7479,-80.2007],[159.7882,-80.9454],[161.12,-81.2785],[161.6293,-81.69],[162.491,-82.0623],[163.7053,-82.3954],[166.6041,-83.0225],[168.8957,-83.336],[169.4048,-83.8259],[172.2839,-84.0414],[173.2241,-84.4137],[175.9857,-84.159],[180,-84.7134]]]]}},{"type":"Feature","properties":{"ADM0_A3":"CYN","MAPCOLOR7":3},"bbox":[32.73178,35.000345,34.576474,35.671596],"geometry":{"type":"Polygon","coordinates":[[[32.7318,35.14],[32.947,35.3867],[33.6672,35.3732],[34.5765,35.6716],[33.9008,35.2458],[33.9736,35.0585],[33.4758,35.0003],[33.3838,35.1627],[32.7318,35.14]]]}},{"type":"Feature","properties":{"ADM0_A3":"CYP","MAPCOLOR7":1},"bbox":[32.256667,34.571869,34.004881,35.173125],"geometry":{"type":"Polygon","coordinates":[[[32.7318,35.14],[33.3838,35.1627],[33.4758,35.0003],[33.8664,35.0936],[34.0049,34.9781],[32.9798,34.5719],[32.4903,34.7017],[32.2567,35.1032],[32.7318,35.14]]]}},{"type":"Feature","properties":{"ADM0_A3":"MAR","MAPCOLOR7":2},"bbox":[-17.020428,21.420734,-1.124551,35.759988],"geometry":{"type":"Polygon","coordinates":[[[-2.1699,35.1684],[-1.793,34.5279],[-1.7335,33.9197],[-1.388,32.864],[-1.1246,32.6515],[-1.3079,32.2629],[-2.6166,32.0943],[-3.069,31.7245],[-3.6475,31.6373],[-3.6904,30.897],[-4.8596,30.5012],[-5.2421,30.0004],[-6.0606,29.7317],[-7.0592,29.5792],[-8.6741,28.8413],[-8.6656,27.6564],[-8.8178,27.6564],[-8.7949,27.1207],[-9.413,27.0885],[-9.7353,26.8609],[-10.5513,26.9908],[-11.3926,26.8834],[-11.7182,26.1041],[-12.0308,26.0309],[-12.501,24.7701],[-13.8911,23.691],[-14.2212,22.3102],[-14.6308,21.8609],[-14.751,21.5006],[-17.0204,21.4223],[-16.9732,21.8857],[-16.5891,22.1582],[-16.2619,22.6793],[-16.3264,23.0178],[-15.9826,23.7234],[-15.426,24.3591],[-15.0893,24.5203],[-14.8246,25.1035],[-14.8009,25.6363],[-14.4399,26.2544],[-13.7738,26.6189],[-13.1399,27.6401],[-12.6188,28.0382],[-11.6889,28.1486],[-10.901,28.8321],[-10.3996,29.0986],[-9.5648,29.9336],[-9.8147,31.1777],[-9.3007,32.5647],[-8.6575,33.2402],[-6.9125,34.1105],[-5.93,35.76],[-5.1939,35.7552],[-4.591,35.3307],[-3.6401,35.3999],[-2.1699,35.1684]]]}},{"type":"Feature","properties":{"ADM0_A3":"EGY","MAPCOLOR7":4},"bbox":[24.70007,22,36.86623,31.58568],"geometry":{"type":"Polygon","coordinates":[[[36.8662,22],[25,22],[25,29.2387],[24.7001,30.0442],[24.9576,30.6616],[24.8029,31.0893],[25.1648,31.5692],[26.4953,31.5857],[28.9135,30.87],[30.095,31.4734],[30.9769,31.5559],[31.688,31.4296],[31.9604,30.9336],[32.1925,31.2603],[32.9939,31.0241],[33.7734,30.9675],[34.2654,31.2194],[34.9226,29.5013],[34.6417,29.0994],[34.1545,27.8233],[33.9214,27.6487],[33.1368,28.4176],[32.4232,29.8511],[32.3205,29.7604],[32.7348,28.7052],[34.1046,26.1423],[34.7951,25.0338],[35.6924,23.9267],[35.4937,23.7524],[35.526,23.1024],[36.8662,22]]]}},{"type":"Feature","properties":{"ADM0_A3":"LBY","MAPCOLOR7":1},"bbox":[9.319411,19.58047,25.16482,33.136996],"geometry":{"type":"Polygon","coordinates":[[[25,22],[25,20.003],[23.85,20],[23.8377,19.5805],[15.8608,23.4097],[14.1439,22.4913],[13.5814,23.0405],[11.9995,23.4717],[11.5607,24.0979],[10.7714,24.5625],[10.3038,24.3793],[9.9483,24.937],[9.9107,25.3655],[9.3194,26.0943],[9.7163,26.5122],[9.6839,28.1442],[9.86,28.96],[9.4821,30.3076],[9.97,30.5393],[10.0566,30.9618],[9.9502,31.3761],[11.4323,32.3689],[11.4888,33.137],[12.6633,32.7928],[13.0833,32.8788],[13.9187,32.712],[15.2456,32.2651],[15.7139,31.3763],[18.0211,30.7636],[19.0864,30.2664],[19.574,30.5258],[20.0533,30.9858],[19.8203,31.7518],[20.134,32.2382],[20.8545,32.7068],[21.543,32.8432],[22.8958,32.6386],[23.2368,32.1915],[24.9211,31.8994],[25.1648,31.5692],[24.8029,31.0893],[24.9576,30.6616],[24.7001,30.0442],[25,29.2387],[25,22]]]}},{"type":"Feature","properties":{"ADM0_A3":"ETH","MAPCOLOR7":4},"bbox":[32.95418,3.42206,47.78942,14.95943],"geometry":{"type":"Polygon","coordinates":[[[47.7894,8.003],[44.9636,5.0016],[43.6609,4.9576],[42.7697,4.2526],[42.1286,4.2341],[41.8551,3.9189],[41.1718,3.9191],[40.7685,4.257],[39.8549,3.8388],[39.5594,3.4221],[38.6711,3.6161],[38.1209,3.5986],[36.8551,4.4479],[36.1591,4.4479],[35.8174,4.777],[35.8174,5.3382],[35.298,5.506],[34.707,6.5942],[34.2503,6.8261],[34.0751,7.226],[33.5683,7.7133],[32.9542,7.785],[33.2948,8.3546],[33.8255,8.3792],[33.975,8.6846],[33.9616,9.5836],[34.2574,10.6301],[34.7311,10.9102],[34.8316,11.319],[35.2605,12.0829],[35.8636,12.5783],[36.2702,13.5633],[36.4295,14.4221],[37.5938,14.2131],[37.9061,14.9594],[38.5129,14.5055],[39.0994,14.7406],[39.3406,14.5315],[40.0262,14.5196],[40.8966,14.1186],[41.5986,13.4521],[42.3516,12.5422],[41.6618,11.6312],[41.7556,11.0509],[42.5549,11.1051],[42.7769,10.9269],[42.5588,10.5726],[43.6788,9.1836],[46.9483,7.9969],[47.7894,8.003]]]}},{"type":"Feature","properties":{"ADM0_A3":"DJI","MAPCOLOR7":1},"bbox":[41.66176,10.926879,43.317852,12.699639],"geometry":{"type":"Polygon","coordinates":[[[42.3516,12.5422],[42.7796,12.4554],[43.0812,12.6996],[43.3179,12.3901],[43.2864,11.9749],[42.7159,11.7356],[43.1453,11.462],[42.7769,10.9269],[42.5549,11.1051],[41.7556,11.0509],[41.6618,11.6312],[42.3516,12.5422]]]}},{"type":"Feature","properties":{"ADM0_A3":"SOL","MAPCOLOR7":3},"bbox":[42.55876,7.99688,48.948206,11.46204],"geometry":{"type":"Polygon","coordinates":[[[48.9482,11.4106],[48.9381,9.4517],[47.7894,8.003],[46.9483,7.9969],[43.6788,9.1836],[42.5588,10.5726],[43.1453,11.462],[43.4707,11.2777],[43.6667,10.8642],[44.1178,10.4455],[44.6143,10.4422],[45.5569,10.698],[46.6454,10.8165],[48.3788,11.3755],[48.9482,11.4106]]]}},{"type":"Feature","properties":{"ADM0_A3":"UGA","MAPCOLOR7":6},"bbox":[29.579466,-1.443322,35.03599,4.249885],"geometry":{"type":"Polygon","coordinates":[[[33.9037,-0.95],[30.7699,-1.0146],[29.8215,-1.4433],[29.5795,-1.3413],[29.5878,-0.5874],[29.8195,-0.2053],[29.8758,0.5974],[30.4685,1.5838],[31.1741,2.2045],[30.7733,2.3399],[30.8339,3.5092],[31.2456,3.7819],[31.8815,3.5583],[32.6864,3.7923],[33.39,3.79],[34.005,4.2499],[34.4791,3.5556],[35.036,1.9058],[34.6721,1.1769],[33.8936,0.1098],[33.9037,-0.95]]]}},{"type":"Feature","properties":{"ADM0_A3":"RWA","MAPCOLOR7":5},"bbox":[29.024926,-2.917858,30.816135,-1.134659],"geometry":{"type":"Polygon","coordinates":[[[30.4191,-1.1347],[30.8161,-1.6989],[30.7583,-2.2872],[30.4697,-2.4139],[29.9384,-2.3485],[29.6322,-2.9179],[29.0249,-2.8393],[29.1175,-2.2922],[29.2548,-2.2151],[29.2919,-1.6201],[29.5795,-1.3413],[29.8215,-1.4433],[30.4191,-1.1347]]]}},{"type":"Feature","properties":{"ADM0_A3":"BIH","MAPCOLOR7":1},"bbox":[15.750026,42.65,19.59976,45.233777],"geometry":{"type":"Polygon","coordinates":[[[18.56,42.65],[17.6749,43.0286],[17.2974,43.4463],[16.4564,44.0412],[15.75,44.8187],[15.9594,45.2338],[16.3182,45.0041],[16.5349,45.2116],[17.0021,45.2338],[17.8618,45.0677],[18.5532,45.0816],[19.0055,44.8602],[19.368,44.863],[19.1176,44.4231],[19.5998,44.0385],[19.454,43.5681],[18.7065,43.2001],[18.56,42.65]]]}},{"type":"Feature","properties":{"ADM0_A3":"MKD","MAPCOLOR7":5},"bbox":[20.463175,40.842727,22.952377,42.32026],"geometry":{"type":"Polygon","coordinates":[[[22.3805,42.3203],[22.8814,41.9993],[22.9524,41.338],[22.5973,41.1305],[22.0554,41.1499],[21.6742,40.9313],[21.02,40.8427],[20.6052,41.0862],[20.4632,41.5151],[20.7622,42.0519],[22.3805,42.3203]]]}},{"type":"Feature","properties":{"ADM0_A3":"SRB","MAPCOLOR7":3},"bbox":[18.829825,42.245224,22.986019,46.17173],"geometry":{"type":"Polygon","coordinates":[[[18.8298,45.9089],[19.596,46.1717],[20.2202,46.1275],[20.7622,45.7346],[20.8743,45.4164],[21.4835,45.1812],[21.562,44.7689],[22.1451,44.4784],[22.459,44.7025],[22.7057,44.578],[22.474,44.4092],[22.6572,44.2349],[22.4104,44.0081],[22.5002,43.6428],[22.986,43.2112],[22.6048,42.8985],[22.4366,42.5803],[22.545,42.4614],[22.3805,42.3203],[21.5766,42.2452],[21.7751,42.6827],[21.633,42.6772],[20.8145,43.2721],[20.6351,43.2167],[20.4968,42.8847],[20.2576,42.8128],[20.3398,42.8985],[19.2185,43.5238],[19.454,43.5681],[19.5998,44.0385],[19.1176,44.4231],[19.368,44.863],[19.0055,44.8602],[19.3905,45.2365],[18.8298,45.9089]]]}},{"type":"Feature","properties":{"ADM0_A3":"MNE","MAPCOLOR7":4},"bbox":[18.450017,41.877551,20.3398,43.52384],"geometry":{"type":"Polygon","coordinates":[[[20.0707,42.5886],[19.8016,42.5001],[19.7381,42.6882],[19.3045,42.1957],[19.3718,41.8776],[18.45,42.48],[18.7065,43.2001],[19.2185,43.5238],[20.3398,42.8985],[20.0707,42.5886]]]}},{"type":"Feature","properties":{"ADM0_A3":"KOS","MAPCOLOR7":2},"bbox":[20.0707,41.84711,21.77505,43.27205],"geometry":{"type":"Polygon","coordinates":[[[20.5902,41.8554],[20.523,42.2179],[20.0707,42.5886],[20.2576,42.8128],[20.4968,42.8847],[20.6351,43.2167],[20.8145,43.2721],[21.633,42.6772],[21.7751,42.6827],[21.5766,42.2452],[20.7622,42.0519],[20.7173,41.8471],[20.5902,41.8554]]]}},{"type":"Feature","properties":{"ADM0_A3":"TTO","MAPCOLOR7":5},"bbox":[-61.95,10,-60.895,10.89],"geometry":{"type":"Polygon","coordinates":[[[-61.68,10.76],[-61.105,10.89],[-60.895,10.855],[-60.935,10.11],[-61.77,10],[-61.95,10.09],[-61.66,10.365],[-61.68,10.76]]]}},{"type":"Feature","properties":{"ADM0_A3":"SDS","MAPCOLOR7":1},"bbox":[23.88698,3.509172,35.298007,12.248008],"geometry":{"type":"Polygon","coordinates":[[[30.8339,3.5092],[29.9535,4.1737],[29.716,4.6008],[29.1591,4.3893],[28.6967,4.4551],[28.429,4.2872],[27.98,4.4084],[27.2134,5.551],[26.4659,5.9467],[26.2134,6.5466],[25.1241,7.5001],[25.1149,7.8251],[23.887,8.6197],[24.5374,8.9175],[24.7949,9.8102],[25.0696,10.2738],[25.7906,10.4111],[26.4773,9.5527],[26.752,9.4669],[27.1125,9.6386],[27.8336,9.6042],[27.9709,9.3982],[28.9666,9.3982],[29.0009,9.6042],[29.516,9.7931],[29.619,10.0849],[29.9966,10.2909],[30.8378,9.7072],[31.3529,9.8102],[32.4001,11.0806],[32.3142,11.6815],[32.0739,11.9733],[32.6748,12.0248],[32.7434,12.248],[33.2069,12.1793],[33.0868,11.4411],[33.2069,10.7201],[33.722,10.3253],[33.8421,9.9819],[33.825,9.4841],[33.9634,9.4643],[33.975,8.6846],[33.8255,8.3792],[33.2948,8.3546],[32.9542,7.785],[33.5683,7.7133],[34.0751,7.226],[34.2503,6.8261],[34.707,6.5942],[35.298,5.506],[33.39,3.79],[32.6864,3.7923],[31.8815,3.5583],[31.2456,3.7819],[30.8339,3.5092]]]}}],"bbox":[-180,-90,180,83.64513]}
